{
    "instance_id": "ws_zh_076",
    "score": 0.0,
    "precision_by_row": 0.0,
    "recall_by_row": 0.0,
    "f1_by_row": 0.0,
    "precision_by_item": 0.6111111111111112,
    "recall_by_item": 0.1527777777777778,
    "f1_by_item": 0.24444444444444446,
    "msg": "   企业名称_exact_match  财年_exact_match  营业收入（元）_number_near  归属于上市公司股东的净利润（元）_number_near  基本每股收益（元/股）_number_near  加权平均净资产收益率（%）_number_near\n0               1.0             1.0                  1.0                           0.0                      0.0                        0.0\n1               1.0             1.0                  1.0                           1.0                      0.0                        0.0\n2               1.0             1.0                  1.0                           1.0                      0.0                        0.0"
}