{
    "instance_id": "ws_en_016",
    "score": 0.0,
    "precision_by_row": 0.0,
    "recall_by_row": 0.0,
    "f1_by_row": 0.0,
    "precision_by_item": 0.3333333333333333,
    "recall_by_item": 0.18518518518518517,
    "f1_by_item": 0.23809523809523808,
    "msg": "    date_llm_judge  location_exact_match  meet_llm_judge  event_llm_judge  time_exact_match  standing_exact_match  gold_llm_judge  silver_llm_judge  bronze_llm_judge\n0                0                   0.0               0                1               1.0                   1.0               1                 0                 0\n1                0                   1.0               1                1               1.0                   1.0               1                 0                 0\n2                0                   1.0               1                1               1.0                   1.0               1                 0                 0\n3                0                   0.0               0                1               1.0                   0.0               0                 0                 0\n4                0                   1.0               1                1               1.0                   1.0               1                 0                 0\n5                0                   1.0               1                1               1.0                   1.0               0                 1                 0\n6                0                   0.0               0                1               1.0                   1.0               1                 0                 0\n7                0                   0.0               0                0               1.0                   1.0               1                 0                 0\n8                0                   0.0               0                1               1.0                   0.0               0                 0                 0\n9                0                   0.0               0                1               1.0                   0.0               0                 0                 0\n10               0                   0.0               0                1               1.0                   0.0               0                 0                 0\n11               0                   0.0               0                1               1.0                   0.0               0                 0                 0\n12               0                   0.0               0                1               1.0                   1.0               0                 1                 0\n13               0                   0.0               0                1               1.0                   1.0               0                 1                 0\n14               0                   0.0               0                0               1.0                   1.0               1                 0                 0\n15               0                   0.0               0                1               1.0                   0.0               0                 0                 0\n16               0                   0.0               0                1               1.0                   0.0               0                 0                 0"
}