{
    "instance_id": "ws_en_085",
    "score": 0.0,
    "precision_by_row": 0.6,
    "recall_by_row": 0.14285714285714285,
    "f1_by_row": 0.23076923076923073,
    "precision_by_item": 0.92,
    "recall_by_item": 0.21904761904761905,
    "f1_by_item": 0.3538461538461538,
    "msg": "   title_exact_match  director_llm_judge  genre_llm_judge  country/regionofproduction_llm_judge  runtime_llm_judge\n0                1.0                   1                1                                     1                  1\n1                1.0                   1                1                                     1                  1\n2                1.0                   1                1                                     1                  0\n3                1.0                   1                1                                     1                  0\n4                1.0                   1                1                                     1                  1"
}