{
    "instance_id": "ws_zh_037",
    "score": 0.0,
    "precision_by_row": 0.1,
    "recall_by_row": 0.02,
    "f1_by_row": 0.03333333333333333,
    "precision_by_item": 0.32,
    "recall_by_item": 0.064,
    "f1_by_item": 0.10666666666666667,
    "msg": "   排名_exact_match  物业公司名称_exact_match  微信公众号名称_llm_judge  阅读量_number_near  物业公司成立年份_exact_match\n0             1.0                 1.0                  1              1.0                   1.0\n1             1.0                 0.0                  0              0.0                   0.0\n2             1.0                 0.0                  0              0.0                   0.0\n3             1.0                 0.0                  0              0.0                   0.0\n4             1.0                 0.0                  0              0.0                   1.0\n5             1.0                 0.0                  0              0.0                   0.0\n6             1.0                 0.0                  0              0.0                   0.0\n7             1.0                 0.0                  0              0.0                   0.0\n8             1.0                 0.0                  0              0.0                   0.0\n9             1.0                 0.0                  0              0.0                   1.0"
}