{
    "instance_id": "ws_en_024",
    "score": 0.0,
    "precision_by_row": 0.5,
    "recall_by_row": 0.12,
    "f1_by_row": 0.1935483870967742,
    "precision_by_item": 0.8809523809523809,
    "recall_by_item": 0.21142857142857144,
    "f1_by_item": 0.3410138248847926,
    "msg": "   year_exact_match  champion_exact_match  hoststadium_exact_match  hostcity_exact_match  nielsenhhldrating_number_near  viewership(million)_number_near  half-timeshowsponsors_llm_judge\n0               1.0                   1.0                      1.0                   1.0                            1.0                              1.0                                1\n1               1.0                   1.0                      1.0                   1.0                            0.0                              1.0                                0\n2               1.0                   1.0                      1.0                   1.0                            1.0                              0.0                                1\n3               1.0                   1.0                      1.0                   1.0                            1.0                              1.0                                1\n4               1.0                   1.0                      1.0                   1.0                            1.0                              1.0                                1\n5               1.0                   1.0                      1.0                   1.0                            1.0                              0.0                                0"
}