{
    "instance_id": "ws_zh_006",
    "score": 0.0,
    "precision_by_row": 0.0,
    "recall_by_row": 0.0,
    "f1_by_row": 0.0,
    "precision_by_item": 0.5238095238095238,
    "recall_by_item": 0.025730994152046785,
    "f1_by_item": 0.04905239687848384,
    "msg": "    品牌_exact_match  产品系列_llm_judge  产品名称_exact_match  香型_exact_match  规格(/瓶)_llm_judge  酒精度_llm_judge\n0              0.0               0               1.0             0.0                 1              0\n1              0.0               0               1.0             0.0                 1              1\n2              0.0               0               1.0             0.0                 1              1\n3              0.0               0               1.0             0.0                 1              1\n4              1.0               0               1.0             0.0                 1              1\n5              0.0               0               1.0             0.0                 1              1\n6              0.0               0               1.0             0.0                 1              1\n7              0.0               0               1.0             0.0                 1              1\n8              1.0               0               1.0             1.0                 1              1\n9              0.0               0               1.0             1.0                 0              1\n10             0.0               0               1.0             1.0                 1              1\n11             0.0               0               1.0             1.0                 1              1\n12             0.0               0               1.0             1.0                 1              1"
}