{
    "instance_id": "ws_en_098",
    "score": 0.0,
    "precision_by_row": 0.0,
    "recall_by_row": 0.0,
    "f1_by_row": 0.0,
    "precision_by_item": 0.20833333333333334,
    "recall_by_item": 0.026041666666666668,
    "f1_by_item": 0.0462962962962963,
    "msg": "   country_exact_match  2024gdpgrowth(%)_number_near  2023gdpgrowth(%)_number_near  2022gdpgrowth(%)_number_near\n0                  1.0                           0.0                           0.0                           0.0\n1                  1.0                           0.0                           0.0                           0.0\n2                  1.0                           0.0                           0.0                           0.0\n3                  1.0                           0.0                           0.0                           0.0\n4                  1.0                           0.0                           0.0                           0.0"
}