{
    "instance_id": "ws_en_068",
    "score": 0.0,
    "precision_by_row": 0.14285714285714285,
    "recall_by_row": 0.03333333333333333,
    "f1_by_row": 0.05405405405405406,
    "precision_by_item": 0.7714285714285715,
    "recall_by_item": 0.18,
    "f1_by_item": 0.29189189189189185,
    "msg": "   year_exact_match  booktitle_exact_match  author_llm_judge  firstpublisher_llm_judge  firstpublicationtime_exact_match\n0               1.0                    1.0                 1                         1                               1.0\n1               1.0                    1.0                 1                         0                               0.0\n2               1.0                    1.0                 1                         1                               0.0\n3               1.0                    1.0                 1                         0                               0.0\n4               1.0                    1.0                 1                         1                               0.0\n5               1.0                    1.0                 1                         1                               0.0\n6               1.0                    1.0                 1                         1                               0.0"
}