{
    "instance_id": "ws_en_094",
    "score": 0.0,
    "precision_by_row": 0.0,
    "recall_by_row": 0.0,
    "f1_by_row": 0.0,
    "precision_by_item": 0.23809523809523808,
    "recall_by_item": 0.031746031746031744,
    "f1_by_item": 0.05602240896358543,
    "msg": "   releaseyear_exact_match  title_exact_match  genre_llm_judge  director_llm_judge  leadactor/actress_llm_judge  totalboxoffice(billionsofkrw)_number_near  totaladmissions_number_near\n0                      1.0                1.0                1                   0                            0                                        0.0                          0.0\n1                      1.0                1.0                0                   0                            0                                        0.0                          0.0\n2                      1.0                1.0                1                   0                            0                                        0.0                          0.0\n3                      1.0                1.0                0                   0                            0                                        0.0                          0.0"
}