{
    "instance_id": "ws_zh_077",
    "score": 0.0,
    "precision_by_row": 0.0,
    "recall_by_row": 0.0,
    "f1_by_row": 0.0,
    "precision_by_item": 0.4642857142857143,
    "recall_by_item": 0.07142857142857142,
    "f1_by_item": 0.12380952380952383,
    "msg": "   论文题目_exact_match  作者_llm_judge  发表时间_exact_match  发表刊物_llm_judge  关键词_llm_judge  doi号_exact_match  基金资助_llm_judge\n0               1.0             1               0.0               0              0               1.0               0\n1               1.0             1               0.0               0              0               1.0               0\n2               1.0             1               0.0               0              0               1.0               0\n3               1.0             1               0.0               0              1               1.0               0"
}