{
    "instance_id": "ws_zh_020",
    "score": 0.0,
    "precision_by_row": 0.0,
    "recall_by_row": 0.0,
    "f1_by_row": 0.0,
    "precision_by_item": 0.41379310344827586,
    "recall_by_item": 0.053811659192825115,
    "f1_by_item": 0.09523809523809523,
    "msg": "    年度_exact_match  感动中国年度人物_exact_match  颁奖辞_llm_judge\n0              1.0                   1.0              0\n1              1.0                   1.0              0\n2              1.0                   1.0              0\n3              1.0                   1.0              0\n4              1.0                   1.0              0\n5              1.0                   1.0              0\n6              1.0                   1.0              0\n7              1.0                   1.0              0\n8              1.0                   1.0              0\n9              1.0                   1.0              0\n10             1.0                   1.0              0\n11             1.0                   1.0              0\n12             1.0                   1.0              0\n13             1.0                   1.0              0\n14             1.0                   1.0              0\n15             1.0                   1.0              0\n16             1.0                   1.0              0\n17             1.0                   1.0              0"
}