{
    "instance_id": "ws_zh_042",
    "score": 0.0,
    "precision_by_row": 0.25,
    "recall_by_row": 0.047619047619047616,
    "f1_by_row": 0.08,
    "precision_by_item": 0.85,
    "recall_by_item": 0.1619047619047619,
    "f1_by_item": 0.272,
    "msg": "   作品名称_exact_match  导演_llm_judge  类型_llm_judge  制片国家/地区_llm_judge  片长_number_near\n0               1.0             1             0                  1             1.0\n1               1.0             1             1                  1             1.0\n2               1.0             1             1                  1             0.0\n3               1.0             1             1                  1             0.0"
}