{
  "score": {
    "avg_n": 0.0,
    "max_n": 0.0,
    "min_n": 0.0
  },
  "precision_by_row": {
    "avg_n": 0.08154550611370504,
    "max_n": 0.17382453591217265,
    "min_n": 0.0280161124970447
  },
  "recall_by_row": {
    "avg_n": 0.021469740985813467,
    "max_n": 0.04534946194924015,
    "min_n": 0.0056754401177800525
  },
  "f1_by_row": {
    "avg_n": 0.02826622328574393,
    "max_n": 0.05796213768580416,
    "min_n": 0.008979371289010793
  },
  "precision_by_item": {
    "avg_n": 0.3823526598115632,
    "max_n": 0.5626351231641754,
    "min_n": 0.2066132151518197
  },
  "recall_by_item": {
    "avg_n": 0.13447904207896552,
    "max_n": 0.22483270865531957,
    "min_n": 0.0522741582851512
  },
  "f1_by_item": {
    "avg_n": 0.16489157768198456,
    "max_n": 0.2595319257384117,
    "min_n": 0.0726038840517492
  }
}