{
    "instance_id": "ws_zh_093",
    "score": 0.0,
    "precision_by_row": 0.0,
    "recall_by_row": 0.0,
    "f1_by_row": 0.0,
    "precision_by_item": 0.029411764705882353,
    "recall_by_item": 0.008620689655172414,
    "f1_by_item": 0.013333333333333334,
    "msg": "   学校名称_exact_match  创办时间_llm_judge  校训_llm_judge  详细地址_llm_judge\n0               1.0               0             0               0\n1               1.0               0             0               0"
}