{
    "instance_id": "ws_en_067",
    "score": 0.0,
    "precision_by_row": 0.2,
    "recall_by_row": 0.015151515151515152,
    "f1_by_row": 0.028169014084507046,
    "precision_by_item": 0.65,
    "recall_by_item": 0.04924242424242424,
    "f1_by_item": 0.09154929577464789,
    "msg": "   school_exact_match  yearfounded_exact_match  public/private_exact_match  totalstudents_number_near\n0                 1.0                      0.0                         1.0                        0.0\n1                 1.0                      1.0                         1.0                        1.0\n2                 1.0                      0.0                         1.0                        0.0\n3                 1.0                      0.0                         1.0                        0.0\n4                 1.0                      0.0                         1.0                        1.0"
}