{
    "instance_id": "ws_en_059",
    "score": 0.0,
    "precision_by_row": 0.09090909090909091,
    "recall_by_row": 0.047619047619047616,
    "f1_by_row": 0.0625,
    "precision_by_item": 0.7272727272727273,
    "recall_by_item": 0.38095238095238093,
    "f1_by_item": 0.5,
    "msg": "    awardyear_exact_match  laureate_exact_match  talktitle_llm_judge  eventcity_llm_judge\n0                     1.0                   1.0                    1                    0\n1                     1.0                   1.0                    1                    0\n2                     1.0                   1.0                    1                    0\n3                     1.0                   1.0                    1                    0\n4                     1.0                   1.0                    0                    0\n5                     1.0                   1.0                    1                    0\n6                     1.0                   1.0                    1                    0\n7                     1.0                   1.0                    0                    0\n8                     1.0                   1.0                    1                    0\n9                     1.0                   1.0                    0                    1\n10                    1.0                   1.0                    1                    1"
}