{
    "instance_id": "ws_zh_030",
    "score": 0.0,
    "precision_by_row": 0.0,
    "recall_by_row": 0.0,
    "f1_by_row": 0.0,
    "precision_by_item": 0.3888888888888889,
    "recall_by_item": 0.018229166666666668,
    "f1_by_item": 0.03482587064676617,
    "msg": "   歌曲名称_exact_match  填词人_llm_judge  编曲人_llm_judge  发行时间_exact_match  所属专辑_llm_judge  歌曲时长_llm_judge\n0               1.0              1              1               0.0               0               0\n1               1.0              1              0               0.0               1               1"
}