{
    "instance_id": "ws_en_071",
    "score": 0.0,
    "precision_by_row": 0.21428571428571427,
    "recall_by_row": 0.05,
    "f1_by_row": 0.08108108108108109,
    "precision_by_item": 0.5,
    "recall_by_item": 0.11666666666666667,
    "f1_by_item": 0.18918918918918917,
    "msg": "   year_exact_match  rank_exact_match  name_exact_match  networth(inusdbillions)_number_near  age_exact_match  sourceofwealth_llm_judge\n0               1.0               1.0               1.0                                  1.0              1.0                         1\n1               1.0               1.0               1.0                                  1.0              1.0                         1\n2               1.0               1.0               1.0                                  1.0              1.0                         1\n3               1.0               1.0               1.0                                  0.0              1.0                         1\n4               1.0               1.0               1.0                                  0.0              1.0                         1\n5               1.0               1.0               1.0                                  0.0              0.0                         1\n6               1.0               0.0               1.0                                  0.0              0.0                         1\n7               1.0               1.0               1.0                                  0.0              0.0                         1\n8               1.0               0.0               1.0                                  0.0              0.0                         1"
}