{
    "instance_id": "ws_en_069",
    "score": 0.0,
    "precision_by_row": 0.0,
    "recall_by_row": 0.0,
    "f1_by_row": 0.0,
    "precision_by_item": 0.7157894736842105,
    "recall_by_item": 0.544,
    "f1_by_item": 0.6181818181818182,
    "msg": "    year_exact_match  film_exact_match  director_llm_judge  lifetimegrossindomesticboxoffice(usdbillion)_number_near  genre_llm_judge\n0                1.0               1.0                   1                                                       0.0                1\n1                1.0               1.0                   1                                                       0.0                1\n2                1.0               1.0                   1                                                       0.0                1\n3                1.0               1.0                   1                                                       0.0                0\n4                1.0               1.0                   1                                                       0.0                1\n5                1.0               1.0                   1                                                       0.0                1\n6                1.0               1.0                   1                                                       0.0                1\n7                1.0               1.0                   1                                                       0.0                1\n8                1.0               1.0                   1                                                       0.0                1\n9                0.0               1.0                   1                                                       0.0                1\n10               1.0               1.0                   1                                                       0.0                1\n11               1.0               1.0                   0                                                       0.0                1\n12               1.0               1.0                   0                                                       0.0                1\n13               1.0               1.0                   1                                                       0.0                1\n14               1.0               1.0                   1                                                       0.0                1\n15               1.0               1.0                   0                                                       0.0                1\n16               1.0               1.0                   0                                                       0.0                1\n17               1.0               1.0                   0                                                       0.0                1\n18               1.0               1.0                   0                                                       0.0                1"
}