{
    "instance_id": "ws_en_089",
    "score": 0.0,
    "precision_by_row": 0.21951219512195122,
    "recall_by_row": 0.225,
    "f1_by_row": 0.22222222222222224,
    "precision_by_item": 0.7268292682926829,
    "recall_by_item": 0.745,
    "f1_by_item": 0.7358024691358026,
    "msg": "    product_exact_match  launchyear_exact_match  capacity_llm_judge  launchprice(usd)_llm_judge  corenewtechnologies/features_llm_judge\n0                   1.0                     1.0                   1                           1                                       1\n1                   1.0                     1.0                   0                           1                                       1\n2                   1.0                     1.0                   1                           1                                       0\n3                   1.0                     1.0                   1                           1                                       1\n4                   1.0                     1.0                   1                           1                                       1\n5                   1.0                     1.0                   1                           1                                       0\n6                   1.0                     1.0                   1                           1                                       1\n7                   1.0                     1.0                   1                           1                                       1\n8                   1.0                     1.0                   1                           1                                       0\n9                   1.0                     1.0                   0                           1                                       1\n10                  1.0                     1.0                   0                           1                                       1\n11                  1.0                     1.0                   1                           1                                       0\n12                  1.0                     1.0                   1                           1                                       0\n13                  1.0                     1.0                   1                           1                                       0\n14                  1.0                     1.0                   1                           1                                       0\n15                  1.0                     1.0                   1                           1                                       1\n16                  1.0                     1.0                   1                           1                                       1\n17                  1.0                     1.0                   1                           1                                       0\n18                  1.0                     1.0                   1                           1                                       0\n19                  1.0                     1.0                   1                           1                                       0\n20                  1.0                     1.0                   1                           1                                       0\n21                  1.0                     1.0                   1                           1                                       0\n22                  1.0                     1.0                   1                           0                                       1\n23                  1.0                     1.0                   1                           1                                       0\n24                  1.0                     1.0                   1                           1                                       0\n25                  1.0                     1.0                   1                           1                                       0\n26                  1.0                     1.0                   1                           1                                       1\n27                  1.0                     1.0                   1                           1                                       1\n28                  1.0                     1.0                   1                           1                                       0\n29                  1.0                     1.0                   0                           0                                       0\n30                  1.0                     1.0                   1                           1                                       0\n31                  1.0                     1.0                   1                           1                                       0\n32                  1.0                     1.0                   1                           0                                       0\n33                  1.0                     1.0                   1                           0                                       0\n34                  1.0                     1.0                   1                           1                                       0\n35                  1.0                     1.0                   1                           1                                       0"
}