{
    "instance_id": "ws_en_021",
    "score": 0.0,
    "precision_by_row": 0.6,
    "recall_by_row": 0.3,
    "f1_by_row": 0.4,
    "precision_by_item": 0.8666666666666667,
    "recall_by_item": 0.43333333333333335,
    "f1_by_item": 0.5777777777777778,
    "msg": "   restaurant_exact_match  maincuisinestyle_llm_judge  address_llm_judge\n0                     1.0                           1                  0\n1                     1.0                           1                  1\n2                     1.0                           1                  1\n3                     1.0                           1                  0\n4                     1.0                           1                  1"
}