{
    "instance_id": "ws_en_029",
    "score": 0.0,
    "precision_by_row": 0.08571428571428572,
    "recall_by_row": 0.08823529411764706,
    "f1_by_row": 0.08695652173913045,
    "precision_by_item": 0.5785714285714286,
    "recall_by_item": 0.5955882352941176,
    "f1_by_item": 0.5869565217391305,
    "msg": "    movie_exact_match  releasedate_exact_match  usboxoffice(dollar)_number_near  worldwideboxoffice(dollar)_number_near\n0                 1.0                      1.0                              1.0                                     1.0\n1                 1.0                      1.0                              0.0                                     0.0\n2                 1.0                      1.0                              0.0                                     1.0\n3                 1.0                      1.0                              1.0                                     0.0\n4                 1.0                      1.0                              1.0                                     1.0\n5                 1.0                      1.0                              0.0                                     1.0\n6                 1.0                      0.0                              0.0                                     1.0\n7                 1.0                      1.0                              0.0                                     1.0\n8                 1.0                      0.0                              0.0                                     0.0\n9                 1.0                      1.0                              1.0                                     1.0\n10                1.0                      1.0                              0.0                                     1.0\n11                1.0                      1.0                              0.0                                     0.0\n12                1.0                      1.0                              0.0                                     1.0\n13                1.0                      1.0                              0.0                                     1.0\n14                1.0                      1.0                              0.0                                     0.0\n15                1.0                      1.0                              0.0                                     1.0\n16                1.0                      1.0                              0.0                                     1.0\n17                1.0                      1.0                              0.0                                     1.0\n18                1.0                      1.0                              0.0                                     1.0\n19                1.0                      1.0                              0.0                                     0.0\n20                1.0                      1.0                              0.0                                     1.0\n21                1.0                      1.0                              0.0                                     1.0\n22                1.0                      0.0                              0.0                                     1.0\n23                1.0                      1.0                              0.0                                     0.0\n24                1.0                      1.0                              0.0                                     0.0\n25                1.0                      0.0                              0.0                                     1.0\n26                1.0                      1.0                              0.0                                     0.0\n27                1.0                      1.0                              0.0                                     0.0\n28                1.0                      1.0                              0.0                                     0.0\n29                1.0                      1.0                              0.0                                     0.0\n30                1.0                      0.0                              0.0                                     0.0\n31                1.0                      1.0                              0.0                                     0.0"
}