{
    "instance_id": "ws_en_017",
    "score": 0.0,
    "precision_by_row": 0.0,
    "recall_by_row": 0.0,
    "f1_by_row": 0.0,
    "precision_by_item": 0.4175824175824176,
    "recall_by_item": 0.4175824175824176,
    "f1_by_item": 0.41758241758241765,
    "msg": "    nationalparkname_exact_match  state(s)_llm_judge  2023totalvisitorspending(milliondollars)_number_near  2023visitorsnumber(million)_number_near  superintendent_llm_judge  mailingaddress_llm_judge  huntingregulations_llm_judge\n0                            1.0                   1                                                   0.0                                      0.0                         0                         0                             0\n1                            1.0                   1                                                   0.0                                      0.0                         0                         1                             0\n2                            1.0                   1                                                   1.0                                      1.0                         0                         1                             0\n3                            1.0                   1                                                   0.0                                      0.0                         0                         1                             0\n4                            1.0                   1                                                   0.0                                      0.0                         0                         0                             0\n5                            1.0                   1                                                   0.0                                      0.0                         0                         1                             0\n6                            1.0                   1                                                   0.0                                      0.0                         0                         1                             0\n7                            1.0                   1                                                   0.0                                      0.0                         0                         1                             0\n8                            1.0                   1                                                   0.0                                      0.0                         0                         1                             0\n9                            1.0                   1                                                   0.0                                      0.0                         0                         0                             0\n10                           1.0                   1                                                   0.0                                      0.0                         0                         1                             0\n11                           1.0                   1                                                   0.0                                      0.0                         0                         1                             0\n12                           1.0                   1                                                   0.0                                      0.0                         0                         1                             0"
}