{
    "instance_id": "ws_zh_089",
    "score": 0.0,
    "precision_by_row": 0.4,
    "recall_by_row": 0.05128205128205128,
    "f1_by_row": 0.09090909090909091,
    "precision_by_item": 0.7333333333333333,
    "recall_by_item": 0.09401709401709402,
    "f1_by_item": 0.16666666666666669,
    "msg": "   学校名称_exact_match  建校年份_exact_match  主管部门_llm_judge  学校官网地址_llm_judge  2025中国校友会排行榜名次_exact_match  2026qs世界大学排名名次_exact_match\n0               1.0               1.0               1                 1                         1.0                         1.0\n1               1.0               1.0               1                 1                         1.0                         1.0\n2               1.0               1.0               1                 1                         0.0                         1.0\n3               1.0               1.0               1                 1                         1.0                         0.0"
}