{
    "instance_id": "ws_zh_029",
    "score": 0.0,
    "precision_by_row": 0.0,
    "recall_by_row": 0.0,
    "f1_by_row": 0.0,
    "precision_by_item": 0.3333333333333333,
    "recall_by_item": 0.09333333333333334,
    "f1_by_item": 0.14583333333333334,
    "msg": "    书名_exact_match  作者_llm_judge  出版时间_date_near\n0              1.0             0             0.0\n1              1.0             0             0.0\n2              1.0             0             0.0\n3              1.0             0             0.0\n4              1.0             0             0.0\n5              1.0             0             0.0\n6              1.0             0             0.0\n7              1.0             0             1.0\n8              1.0             0             0.0\n9              1.0             0             0.0\n10             1.0             0             0.0\n11             1.0             0             0.0\n12             1.0             0             0.0"
}