{
    "instance_id": "ws_zh_004",
    "score": 0.0,
    "precision_by_row": 0.0,
    "recall_by_row": 0.0,
    "f1_by_row": 0.0,
    "precision_by_item": 0.4444444444444444,
    "recall_by_item": 0.4444444444444444,
    "f1_by_item": 0.4444444444444444,
    "msg": "    年度_exact_match  排名_exact_match  姓名（中文）_llm_judge  姓名（英文）_llm_judge  财富值（亿美元）_number_near  财富来源_llm_judge\n0              1.0             1.0                 0                 1                   0.0               1\n1              1.0             1.0                 0                 1                   0.0               1\n2              1.0             1.0                 0                 1                   0.0               1\n3              1.0             1.0                 0                 0                   0.0               0\n4              1.0             1.0                 0                 0                   0.0               0\n5              1.0             1.0                 0                 0                   0.0               0\n6              1.0             1.0                 0                 0                   0.0               1\n7              1.0             1.0                 0                 0                   0.0               0\n8              1.0             1.0                 0                 0                   0.0               0\n9              1.0             1.0                 0                 0                   0.0               0\n10             1.0             1.0                 0                 1                   0.0               1\n11             1.0             1.0                 0                 1                   0.0               1\n12             1.0             1.0                 0                 0                   0.0               0\n13             1.0             1.0                 0                 0                   0.0               0\n14             1.0             1.0                 0                 0                   0.0               0\n15             1.0             1.0                 0                 0                   0.0               0\n16             1.0             1.0                 0                 0                   0.0               0\n17             1.0             1.0                 0                 0                   0.0               0\n18             1.0             1.0                 0                 0                   0.0               0\n19             1.0             1.0                 0                 0                   0.0               0\n20             1.0             1.0                 0                 1                   0.0               1\n21             1.0             1.0                 0                 0                   0.0               0\n22             1.0             1.0                 0                 1                   0.0               1\n23             1.0             1.0                 0                 0                   0.0               0\n24             1.0             1.0                 0                 0                   0.0               0\n25             1.0             1.0                 0                 0                   0.0               0\n26             1.0             1.0                 0                 0                   0.0               0\n27             1.0             1.0                 0                 0                   0.0               1\n28             1.0             1.0                 0                 0                   0.0               1\n29             1.0             1.0                 0                 1                   0.0               1\n30             1.0             1.0                 0                 0                   0.0               0\n31             1.0             1.0                 0                 0                   0.0               0\n32             1.0             1.0                 0                 1                   0.0               1\n33             1.0             1.0                 0                 0                   0.0               0\n34             1.0             1.0                 0                 0                   0.0               0\n35             1.0             1.0                 0                 0                   0.0               0\n36             1.0             1.0                 0                 0                   0.0               1\n37             1.0             1.0                 0                 0                   0.0               1\n38             1.0             1.0                 0                 0                   0.0               0\n39             1.0             1.0                 0                 0                   0.0               0\n40             1.0             1.0                 0                 1                   0.0               1\n41             1.0             1.0                 0                 1                   0.0               1\n42             1.0             1.0                 0                 1                   0.0               1\n43             1.0             1.0                 0                 1                   0.0               1\n44             1.0             1.0                 0                 0                   0.0               0\n45             1.0             1.0                 0                 0                   0.0               0\n46             1.0             1.0                 0                 0                   0.0               0\n47             1.0             1.0                 0                 0                   0.0               0\n48             1.0             1.0                 0                 1                   0.0               1\n49             1.0             1.0                 0                 0                   0.0               0\n50             1.0             1.0                 0                 0                   0.0               0\n51             1.0             1.0                 0                 0                   0.0               0\n52             1.0             1.0                 0                 0                   0.0               0\n53             1.0             1.0                 0                 1                   0.0               1\n54             1.0             1.0                 0                 1                   0.0               1\n55             1.0             1.0                 0                 1                   0.0               1\n56             1.0             1.0                 0                 0                   0.0               0\n57             1.0             1.0                 0                 0                   0.0               0\n58             1.0             1.0                 0                 0                   0.0               1\n59             1.0             1.0                 0                 0                   0.0               0"
}