{
    "instance_id": "ws_zh_018",
    "score": 0.0,
    "precision_by_row": 0.0,
    "recall_by_row": 0.0,
    "f1_by_row": 0.0,
    "precision_by_item": 0.07368421052631578,
    "recall_by_item": 0.02413793103448276,
    "f1_by_item": 0.03636363636363636,
    "msg": "   医疗机构名称_exact_match  机构地址_llm_judge  医疗机构等级_llm_judge  联系电话_llm_judge  准入技术_exact_match\n0                 1.0               1                 1               0               1.0\n1                 1.0               1                 0               0               1.0"
}