{
    "instance_id": "ws_zh_006",
    "score": 0.0,
    "precision_by_row": 0.4,
    "recall_by_row": 0.007017543859649123,
    "f1_by_row": 0.013793103448275862,
    "precision_by_item": 0.5666666666666667,
    "recall_by_item": 0.009941520467836258,
    "f1_by_item": 0.019540229885057474,
    "msg": "   品牌_exact_match  产品系列_llm_judge  产品名称_exact_match  香型_exact_match  规格(/瓶)_llm_judge  酒精度_llm_judge\n0             1.0               1               1.0             1.0                 1              0\n1             1.0               1               1.0             1.0                 1              1\n2             1.0               1               1.0             1.0                 1              1"
}