{
    "instance_id": "ws_zh_071",
    "score": 0.0,
    "precision_by_row": 0.0,
    "recall_by_row": 0.0,
    "f1_by_row": 0.0,
    "precision_by_item": 0.45918367346938777,
    "recall_by_item": 0.2857142857142857,
    "f1_by_item": 0.35225048923679053,
    "msg": "    上映年份_llm_judge  电影名_exact_match  题材_llm_judge  导演_llm_judge  领衔主演_llm_judge  累积票房（十亿韩元）_number_near  累积观影人次_number_near\n0                1              1.0             1             0               0                     0.0                 0.0\n1                1              1.0             1             1               0                     0.0                 0.0\n2                1              1.0             1             0               0                     0.0                 0.0\n3                1              1.0             1             0               0                     0.0                 0.0\n4                1              1.0             1             0               0                     0.0                 0.0\n5                1              1.0             0             0               0                     0.0                 0.0\n6                1              1.0             0             0               0                     0.0                 0.0\n7                1              1.0             1             1               1                     0.0                 0.0\n8                0              1.0             1             0               0                     0.0                 0.0\n9                0              1.0             1             0               0                     0.0                 0.0\n10               0              1.0             0             0               0                     0.0                 0.0\n11               1              1.0             1             0               0                     0.0                 0.0\n12               0              1.0             1             1               1                     0.0                 0.0\n13               1              1.0             1             1               0                     0.0                 0.0\n14               1              1.0             1             0               0                     0.0                 0.0\n15               1              1.0             1             0               1                     0.0                 0.0\n16               0              1.0             1             0               0                     0.0                 0.0\n17               0              1.0             1             0               0                     0.0                 0.0\n18               1              1.0             1             0               0                     0.0                 0.0\n19               1              1.0             1             1               1                     0.0                 0.0\n20               1              1.0             1             0               0                     0.0                 1.0\n21               1              1.0             1             1               1                     0.0                 0.0\n22               1              1.0             1             1               0                     0.0                 0.0\n23               1              1.0             0             0               0                     0.0                 0.0\n24               1              1.0             1             1               1                     0.0                 0.0\n25               1              1.0             1             1               1                     0.0                 0.0\n26               1              1.0             0             0               0                     0.0                 0.0\n27               1              1.0             1             0               0                     0.0                 0.0"
}