{
    "instance_id": "ws_en_037",
    "score": 0.0,
    "precision_by_row": 0.5333333333333333,
    "recall_by_row": 0.6153846153846154,
    "f1_by_row": 0.5714285714285715,
    "precision_by_item": 0.6222222222222222,
    "recall_by_item": 0.717948717948718,
    "f1_by_item": 0.6666666666666666,
    "msg": "   season_llm_judge  couplemarriedattheshow_exact_match  status_exact_match\n0                 1                                 1.0                 1.0\n1                 1                                 1.0                 1.0\n2                 1                                 1.0                 1.0\n3                 1                                 1.0                 1.0\n4                 1                                 1.0                 1.0\n5                 1                                 1.0                 1.0\n6                 1                                 1.0                 1.0\n7                 1                                 1.0                 0.0\n8                 1                                 1.0                 1.0\n9                 1                                 1.0                 0.0"
}