{
    "instance_id": "ws_zh_009",
    "score": 0.0,
    "precision_by_row": 0.5,
    "recall_by_row": 0.1935483870967742,
    "f1_by_row": 0.27906976744186046,
    "precision_by_item": 0.5,
    "recall_by_item": 0.1935483870967742,
    "f1_by_item": 0.27906976744186046,
    "msg": "   时间(年份)_exact_match  赛事地点_exact_match  赛事名称_exact_match  组别结果_exact_match\n0                 1.0               1.0               1.0               1.0\n1                 1.0               1.0               1.0               1.0\n2                 1.0               1.0               1.0               1.0\n3                 1.0               1.0               1.0               1.0\n4                 1.0               1.0               1.0               1.0\n5                 1.0               1.0               1.0               1.0"
}