{
    "instance_id": "ws_zh_050",
    "score": 0.0,
    "precision_by_row": 0.26666666666666666,
    "recall_by_row": 0.08,
    "f1_by_row": 0.12307692307692307,
    "precision_by_item": 0.6333333333333333,
    "recall_by_item": 0.19,
    "f1_by_item": 0.2923076923076923,
    "msg": "    年份_exact_match  排名_exact_match  歌曲名称_llm_judge  歌手_llm_judge\n0              1.0             1.0               1             1\n1              1.0             1.0               1             1\n2              1.0             1.0               1             1\n3              1.0             1.0               0             0\n4              1.0             1.0               0             0\n5              1.0             1.0               0             0\n6              1.0             1.0               1             1\n7              1.0             1.0               1             1\n8              1.0             1.0               0             0\n9              1.0             1.0               0             0\n10             1.0             1.0               0             0\n11             1.0             1.0               0             0\n12             1.0             1.0               1             1\n13             1.0             1.0               0             0\n14             1.0             1.0               0             0\n15             1.0             1.0               1             1\n16             1.0             1.0               0             0\n17             1.0             1.0               0             0\n18             1.0             1.0               0             0\n19             1.0             1.0               0             0\n20             1.0             1.0               0             0\n21             1.0             1.0               0             0\n22             1.0             1.0               0             0\n23             1.0             1.0               0             0\n24             1.0             1.0               0             0\n25             1.0             1.0               0             0\n26             1.0             1.0               0             0\n27             1.0             1.0               1             1\n28             1.0             1.0               0             0\n29             1.0             1.0               0             0"
}