{
    "instance_id": "ws_zh_016",
    "score": 0.0,
    "precision_by_row": 0.1111111111111111,
    "recall_by_row": 0.018867924528301886,
    "f1_by_row": 0.03225806451612903,
    "precision_by_item": 0.5277777777777778,
    "recall_by_item": 0.08962264150943396,
    "f1_by_item": 0.15322580645161288,
    "msg": "   景区名称_exact_match  所属地区_llm_judge  评定年份_llm_judge  门票价格_llm_judge\n0               1.0               1               1               0\n1               1.0               1               1               1\n2               1.0               1               1               0\n3               1.0               1               1               0\n4               1.0               1               1               0\n5               1.0               1               1               0"
}