{
    "instance_id": "ws_zh_091",
    "score": 0.0,
    "precision_by_row": 0.18181818181818182,
    "recall_by_row": 0.03125,
    "f1_by_row": 0.05333333333333334,
    "precision_by_item": 0.5909090909090909,
    "recall_by_item": 0.1015625,
    "f1_by_item": 0.17333333333333334,
    "msg": "   景区名称_exact_match  景区等级_llm_judge  所在城市_llm_judge  具体地址_llm_judge\n0               1.0               0               1               1\n1               1.0               1               1               1\n2               1.0               0               1               1\n3               1.0               1               1               0\n4               1.0               1               1               0\n5               1.0               1               0               1\n6               1.0               1               0               1\n7               1.0               1               1               1"
}