{
    "instance_id": "ws_zh_091",
    "score": 0.0,
    "precision_by_row": 0.5,
    "recall_by_row": 0.015625,
    "f1_by_row": 0.030303030303030304,
    "precision_by_item": 0.875,
    "recall_by_item": 0.02734375,
    "f1_by_item": 0.05303030303030303,
    "msg": "   景区名称_exact_match  景区等级_llm_judge  所在城市_llm_judge  具体地址_llm_judge\n0               1.0               1               1               1\n1               1.0               0               1               1"
}