{
    "instance_id": "ws_zh_014",
    "score": 0.0,
    "precision_by_row": 0.4,
    "recall_by_row": 0.008928571428571428,
    "f1_by_row": 0.017467248908296942,
    "precision_by_item": 0.9,
    "recall_by_item": 0.020089285714285716,
    "f1_by_item": 0.039301310043668124,
    "msg": "   具体日期_exact_match  演唱会中文名_llm_judge  演唱会英文名_llm_judge  举办国家_exact_match  举办城市_llm_judge  举办场馆_llm_judge\n0               1.0                 1                 1               1.0               1               0\n1               1.0                 1                 1               1.0               1               0\n2               1.0                 1                 1               1.0               1               1\n3               1.0                 1                 1               1.0               1               1\n4               1.0                 1                 1               1.0               1               0"
}