{
    "instance_id": "ws_en_071",
    "score": 0.0,
    "precision_by_row": 0.13333333333333333,
    "recall_by_row": 0.06666666666666667,
    "f1_by_row": 0.08888888888888888,
    "precision_by_item": 0.5777777777777777,
    "recall_by_item": 0.28888888888888886,
    "f1_by_item": 0.38518518518518513,
    "msg": "    year_exact_match  rank_exact_match  name_exact_match  networth(inusdbillions)_number_near  age_exact_match  sourceofwealth_llm_judge\n0                1.0               1.0               1.0                                  1.0              1.0                         1\n1                1.0               1.0               1.0                                  1.0              1.0                         1\n2                1.0               1.0               1.0                                  1.0              1.0                         1\n3                1.0               0.0               1.0                                  0.0              0.0                         1\n4                1.0               1.0               1.0                                  0.0              1.0                         1\n5                1.0               1.0               1.0                                  0.0              0.0                         1\n6                1.0               0.0               1.0                                  1.0              0.0                         1\n7                1.0               0.0               1.0                                  0.0              0.0                         1\n8                1.0               0.0               1.0                                  0.0              0.0                         1\n9                1.0               1.0               1.0                                  1.0              1.0                         1\n10               1.0               0.0               1.0                                  0.0              0.0                         1\n11               1.0               0.0               1.0                                  0.0              0.0                         1\n12               1.0               1.0               1.0                                  1.0              0.0                         1\n13               1.0               0.0               1.0                                  0.0              0.0                         1\n14               1.0               0.0               1.0                                  1.0              1.0                         1\n15               1.0               0.0               1.0                                  0.0              0.0                         1\n16               1.0               0.0               1.0                                  0.0              0.0                         1\n17               1.0               0.0               1.0                                  0.0              0.0                         1\n18               1.0               0.0               1.0                                  0.0              0.0                         1\n19               1.0               0.0               1.0                                  0.0              1.0                         1\n20               1.0               0.0               1.0                                  0.0              0.0                         1\n21               1.0               0.0               1.0                                  1.0              0.0                         1\n22               1.0               0.0               1.0                                  0.0              0.0                         1\n23               1.0               0.0               1.0                                  0.0              1.0                         1\n24               1.0               0.0               1.0                                  0.0              0.0                         1\n25               1.0               0.0               1.0                                  0.0              0.0                         1\n26               1.0               0.0               1.0                                  0.0              0.0                         1"
}