{
    "instance_id": "ws_en_014",
    "score": 0.0,
    "precision_by_row": 0.07142857142857142,
    "recall_by_row": 0.02,
    "f1_by_row": 0.03125,
    "precision_by_item": 0.27380952380952384,
    "recall_by_item": 0.07666666666666666,
    "f1_by_item": 0.11979166666666666,
    "msg": "   year_exact_match  airport_llm_judge  rank_exact_match  location_llm_judge  totalpassengers_number_near  code(iata/icao)_exact_match\n0               1.0                  0               1.0                   0                          0.0                          0.0\n1               1.0                  1               1.0                   1                          0.0                          1.0\n2               1.0                  1               1.0                   1                          0.0                          1.0\n3               1.0                  1               1.0                   1                          1.0                          1.0\n4               1.0                  1               1.0                   1                          0.0                          1.0"
}