{
    "instance_id": "ws_zh_052",
    "score": 0.0,
    "precision_by_row": 0.5,
    "recall_by_row": 0.022988505747126436,
    "f1_by_row": 0.04395604395604396,
    "precision_by_item": 0.85,
    "recall_by_item": 0.03908045977011494,
    "f1_by_item": 0.07472527472527472,
    "msg": "   医院名称_llm_judge  区域_llm_judge  具体地址_exact_match  成立年份_number_near  医疗等级_llm_judge\n0               1             1               1.0               1.0               1\n1               1             1               1.0               1.0               1\n2               1             1               1.0               1.0               0\n3               1             1               1.0               0.0               0"
}