{
    "instance_id": "ws_zh_074",
    "score": 0.0,
    "precision_by_row": 0.1,
    "recall_by_row": 0.0049504950495049506,
    "f1_by_row": 0.009433962264150943,
    "precision_by_item": 0.3,
    "recall_by_item": 0.01485148514851485,
    "f1_by_item": 0.028301886792452827,
    "msg": "   季数_number_near  公演次数_exact_match  节目名称_exact_match  参演姐姐_llm_judge  票数_exact_match\n0             0.0               0.0               1.0               0             0.0\n1             0.0               0.0               1.0               1             1.0\n2             1.0               1.0               1.0               1             1.0\n3             0.0               0.0               1.0               0             0.0\n4             0.0               0.0               1.0               1             0.0\n5             0.0               0.0               1.0               1             1.0"
}