{
    "instance_id": "ws_en_091",
    "score": 0.0,
    "precision_by_row": 0.0,
    "recall_by_row": 0.0,
    "f1_by_row": 0.0,
    "precision_by_item": 0.51875,
    "recall_by_item": 0.06268882175226587,
    "f1_by_item": 0.11185983827493262,
    "msg": "    time_date_near  productseries_llm_judge  processormodel_exact_match  corearchitecture_llm_judge  manufacturingprocess(nm)_llm_judge  cores_exact_match  threads_exact_match  corefrequency(ghz)_exact_match  l2cache(mb)_exact_match  l3cache(mb)_exact_match  graphicsmodel_llm_judge  numberofgraphicscores_exact_match\n0              0.0                        1                         1.0                           1                                   1                1.0                  1.0                             0.0                      1.0                      0.0                        0                                0.0\n1              0.0                        1                         1.0                           1                                   1                1.0                  1.0                             0.0                      1.0                      0.0                        0                                0.0\n2              0.0                        1                         1.0                           1                                   1                1.0                  1.0                             0.0                      1.0                      0.0                        0                                0.0\n3              0.0                        1                         1.0                           1                                   1                0.0                  0.0                             0.0                      0.0                      0.0                        0                                0.0\n4              0.0                        1                         1.0                           1                                   1                1.0                  1.0                             0.0                      1.0                      0.0                        0                                0.0\n5              0.0                        1                         1.0                           1                                   1                1.0                  1.0                             0.0                      1.0                      0.0                        0                                0.0\n6              0.0                        1                         1.0                           1                                   1                1.0                  1.0                             0.0                      0.0                      1.0                        0                                0.0\n7              1.0                        1                         1.0                           1                                   1                0.0                  1.0                             0.0                      0.0                      1.0                        0                                0.0\n8              0.0                        1                         1.0                           1                                   1                1.0                  1.0                             0.0                      1.0                      1.0                        1                                0.0\n9              0.0                        1                         1.0                           1                                   0                1.0                  1.0                             0.0                      1.0                      0.0                        0                                0.0\n10             0.0                        1                         1.0                           1                                   0                1.0                  1.0                             0.0                      1.0                      0.0                        0                                0.0\n11             0.0                        1                         1.0                           1                                   0                1.0                  1.0                             0.0                      1.0                      0.0                        0                                0.0\n12             1.0                        1                         1.0                           1                                   0                0.0                  0.0                             0.0                      0.0                      0.0                        0                                0.0\n13             1.0                        1                         1.0                           1                                   0                0.0                  1.0                             0.0                      0.0                      1.0                        0                                0.0\n14             0.0                        1                         1.0                           1                                   1                1.0                  1.0                             0.0                      1.0                      0.0                        0                                0.0\n15             0.0                        1                         1.0                           1                                   1                1.0                  1.0                             0.0                      1.0                      0.0                        0                                0.0\n16             0.0                        1                         1.0                           1                                   1                1.0                  1.0                             0.0                      1.0                      0.0                        0                                0.0\n17             0.0                        1                         1.0                           1                                   1                1.0                  1.0                             0.0                      1.0                      0.0                        0                                0.0\n18             0.0                        1                         1.0                           1                                   0                1.0                  1.0                             0.0                      1.0                      0.0                        0                                0.0\n19             0.0                        1                         1.0                           1                                   0                1.0                  1.0                             0.0                      1.0                      1.0                        1                                0.0\n20             0.0                        1                         1.0                           1                                   1                1.0                  1.0                             0.0                      0.0                      1.0                        0                                0.0\n21             0.0                        1                         1.0                           1                                   1                1.0                  1.0                             0.0                      0.0                      1.0                        0                                0.0\n22             0.0                        1                         1.0                           1                                   1                1.0                  1.0                             0.0                      0.0                      0.0                        0                                0.0\n23             0.0                        1                         1.0                