{
    "instance_id": "ws_en_078",
    "score": 0.0,
    "precision_by_row": 0.4,
    "recall_by_row": 0.037037037037037035,
    "f1_by_row": 0.06779661016949153,
    "precision_by_item": 0.55,
    "recall_by_item": 0.05092592592592592,
    "f1_by_item": 0.09322033898305085,
    "msg": "   awardyear_exact_match  name_llm_judge  publishedwork_exact_match  yearoffirstpublication_exact_match\n0                    1.0               1                        1.0                                 1.0\n1                    1.0               1                        1.0                                 0.0\n2                    1.0               1                        1.0                                 1.0"
}