{
    "instance_id": "ws_zh_096",
    "score": 0.0,
    "precision_by_row": 0.25,
    "recall_by_row": 0.06896551724137931,
    "f1_by_row": 0.1081081081081081,
    "precision_by_item": 0.5625,
    "recall_by_item": 0.15517241379310345,
    "f1_by_item": 0.24324324324324326,
    "msg": "   电影名称_exact_match  导演_llm_judge  上映年份_llm_judge  梁朝伟通过该电影所获奖项_llm_judge\n0               1.0             1               1                       1\n1               1.0             0               1                       1\n2               1.0             1               1                       0\n3               1.0             1               1                       1\n4               1.0             1               1                       0\n5               1.0             0               0                       0"
}