{
    "instance_id": "ws_zh_001",
    "score": 0.0,
    "precision_by_row": 0.09090909090909091,
    "recall_by_row": 0.06,
    "f1_by_row": 0.07228915662650602,
    "precision_by_item": 0.2777777777777778,
    "recall_by_item": 0.18333333333333332,
    "f1_by_item": 0.22088353413654616,
    "msg": "    年份_exact_match  国家_exact_match  电影名_exact_match  导演_llm_judge  本国累计票房收益_number_near  电影类型_llm_judge\n0              1.0             1.0              1.0             0                   0.0               1\n1              1.0             1.0              1.0             1                   1.0               1\n2              1.0             1.0              1.0             0                   1.0               1\n3              1.0             1.0              1.0             0                   0.0               1\n4              1.0             1.0              1.0             1                   1.0               1\n5              0.0             1.0              1.0             0                   1.0               1\n6              1.0             1.0              1.0             1                   1.0               1\n7              1.0             1.0              1.0             1                   0.0               1\n8              1.0             1.0              1.0             0                   1.0               1\n9              1.0             1.0              1.0             0                   1.0               1\n10             1.0             1.0              1.0             0                   1.0               1"
}