{
    "instance_id": "ws_en_066",
    "score": 0.0,
    "precision_by_row": 0.0,
    "recall_by_row": 0.0,
    "f1_by_row": 0.0,
    "precision_by_item": 0.5833333333333334,
    "recall_by_item": 0.15555555555555556,
    "f1_by_item": 0.2456140350877193,
    "msg": "   region_exact_match  modelcode_exact_match  firstretailavailabilitydate_date_near  launchmsrp_llm_judge  numberofincludedattachments_exact_match  warranty(yrs)_exact_match\n0                 1.0                    1.0                                    0.0                     1                                      0.0                        1.0\n1                 1.0                    1.0                                    0.0                     0                                      0.0                        1.0\n2                 1.0                    1.0                                    1.0                     0                                      0.0                        1.0\n3                 1.0                    1.0                                    0.0                     0                                      0.0                        1.0"
}