{
    "instance_id": "ws_en_068",
    "score": 0.0,
    "precision_by_row": 0.6666666666666666,
    "recall_by_row": 0.06666666666666667,
    "f1_by_row": 0.1212121212121212,
    "precision_by_item": 0.8666666666666667,
    "recall_by_item": 0.08666666666666667,
    "f1_by_item": 0.1575757575757576,
    "msg": "   year_exact_match  booktitle_exact_match  author_llm_judge  firstpublisher_llm_judge  firstpublicationtime_exact_match\n0               1.0                    1.0                 1                         1                               1.0\n1               1.0                    1.0                 1                         0                               0.0\n2               1.0                    1.0                 1                         1                               1.0"
}