{
    "instance_id": "ws_zh_100",
    "score": 0.0,
    "precision_by_row": 0.0,
    "recall_by_row": 0.0,
    "f1_by_row": 0.0,
    "precision_by_item": 0.5238095238095238,
    "recall_by_item": 0.0641399416909621,
    "f1_by_item": 0.11428571428571428,
    "msg": "   开售日期_exact_match  手机品牌_llm_judge  手机型号_exact_match  折叠后最小屏幕尺寸_llm_judge  打开后最大屏幕尺寸_llm_judge  电池大小_llm_judge  内存种类（rom）_llm_judge\n0               0.0               1               1.0                    0                    1               1                    0\n1               0.0               1               1.0                    0                    1               1                    1\n2               0.0               0               1.0                    1                    1               1                    0\n3               0.0               0               1.0                    0                    1               0                    0\n4               0.0               0               1.0                    0                    0               1                    0\n5               0.0               1               1.0                    1                    1               1                    0"
}