{
    "instance_id": "ws_en_021",
    "score": 0.0,
    "precision_by_row": 0.5,
    "recall_by_row": 0.1,
    "f1_by_row": 0.16666666666666669,
    "precision_by_item": 0.8333333333333334,
    "recall_by_item": 0.16666666666666666,
    "f1_by_item": 0.2777777777777778,
    "msg": "   restaurant_exact_match  maincuisinestyle_llm_judge  address_llm_judge\n0                     1.0                           1                  1\n1                     1.0                           0                  1"
}