{
    "instance_id": "ws_zh_059",
    "score": 0.0,
    "precision_by_row": 0.15789473684210525,
    "recall_by_row": 0.075,
    "f1_by_row": 0.10169491525423728,
    "precision_by_item": 0.3894736842105263,
    "recall_by_item": 0.185,
    "f1_by_item": 0.2508474576271187,
    "msg": "   产品名称_exact_match  首发年份_exact_match  容量_llm_judge  容量对应售价（美元）_llm_judge  核心新增技术/功能_llm_judge\n0               1.0               1.0             1                     0                    1\n1               1.0               1.0             1                     1                    1\n2               1.0               1.0             1                     0                    0\n3               1.0               1.0             1                     1                    1\n4               1.0               1.0             1                     1                    1\n5               1.0               1.0             1                     0                    0\n6               1.0               1.0             1                     0                    1\n7               1.0               1.0             1                     0                    1\n8               1.0               1.0             1                     0                    1"
}