{
    "instance_id": "ws_zh_016",
    "score": 0.0,
    "precision_by_row": 0.0,
    "recall_by_row": 0.0,
    "f1_by_row": 0.0,
    "precision_by_item": 0.525,
    "recall_by_item": 0.09905660377358491,
    "f1_by_item": 0.16666666666666666,
    "msg": "   景区名称_exact_match  所属地区_llm_judge  评定年份_llm_judge  门票价格_llm_judge\n0               1.0               1               1               0\n1               1.0               1               1               0\n2               1.0               1               1               0\n3               1.0               1               1               0\n4               1.0               1               1               0\n5               1.0               1               1               0\n6               1.0               1               1               0"
}