{
    "instance_id": "ws_en_043",
    "score": 0.0,
    "precision_by_row": 0.0,
    "recall_by_row": 0.0,
    "f1_by_row": 0.0,
    "precision_by_item": 0.6666666666666666,
    "recall_by_item": 0.031746031746031744,
    "f1_by_item": 0.06060606060606061,
    "msg": "   park_exact_match  states_llm_judge  price(peradult)_exact_match  mountainscenery_exact_match\n0               1.0                 1                          0.0                          1.0\n1               1.0                 0                          0.0                          1.0\n2               1.0                 1                          0.0                          1.0"
}