{
    "instance_id": "ws_en_088",
    "score": 0.0,
    "precision_by_row": 0.5405405405405406,
    "recall_by_row": 0.2,
    "f1_by_row": 0.29197080291970806,
    "precision_by_item": 0.7702702702702703,
    "recall_by_item": 0.285,
    "f1_by_item": 0.4160583941605839,
    "msg": "    year_exact_match  rank_exact_match  song_llm_judge  artist_llm_judge\n0                1.0               1.0               0                 0\n1                1.0               1.0               1                 1\n2                1.0               1.0               1                 1\n3                1.0               1.0               1                 1\n4                1.0               1.0               1                 1\n5                1.0               1.0               1                 1\n6                1.0               1.0               1                 1\n7                1.0               1.0               1                 1\n8                1.0               1.0               1                 1\n9                1.0               1.0               1                 1\n10               1.0               1.0               1                 1\n11               1.0               1.0               1                 1\n12               1.0               1.0               1                 1\n13               1.0               1.0               1                 1\n14               1.0               1.0               1                 1\n15               1.0               1.0               1                 1\n16               1.0               1.0               1                 1\n17               1.0               1.0               1                 1\n18               1.0               1.0               1                 1\n19               1.0               1.0               1                 1\n20               1.0               1.0               0                 0\n21               1.0               1.0               1                 1\n22               1.0               1.0               0                 0\n23               1.0               1.0               0                 0\n24               1.0               1.0               0                 0\n25               1.0               1.0               0                 0\n26               1.0               1.0               0                 0\n27               1.0               1.0               0                 0\n28               1.0               1.0               0                 0\n29               1.0               1.0               0                 0\n30               1.0               1.0               0                 0\n31               1.0               1.0               0                 0\n32               1.0               1.0               0                 0\n33               1.0               1.0               0                 0\n34               1.0               1.0               0                 0\n35               1.0               1.0               0                 0\n36               1.0               1.0               0                 0"
}