{
    "instance_id": "ws_en_069",
    "score": 0.0,
    "precision_by_row": 0.0,
    "recall_by_row": 0.0,
    "f1_by_row": 0.0,
    "precision_by_item": 0.49473684210526314,
    "recall_by_item": 0.376,
    "f1_by_item": 0.4272727272727273,
    "msg": "    year_exact_match  film_exact_match  director_llm_judge  lifetimegrossindomesticboxoffice(usdbillion)_number_near  genre_llm_judge\n0                1.0               1.0                   1                                                       0.0                1\n1                1.0               1.0                   1                                                       0.0                1\n2                0.0               1.0                   1                                                       0.0                1\n3                0.0               1.0                   1                                                       0.0                1\n4                1.0               1.0                   1                                                       0.0                1\n5                1.0               1.0                   1                                                       0.0                1\n6                1.0               1.0                   1                                                       0.0                1\n7                1.0               1.0                   1                                                       0.0                1\n8                1.0               1.0                   0                                                       0.0                1\n9                1.0               1.0                   0                                                       0.0                1\n10               1.0               1.0                   1                                                       0.0                1\n11               1.0               1.0                   1                                                       0.0                1\n12               1.0               1.0                   0                                                       0.0                1"
}