{
    "instance_id": "ws_zh_014",
    "score": 0.0,
    "precision_by_row": 0.0,
    "recall_by_row": 0.0,
    "f1_by_row": 0.0,
    "precision_by_item": 0.003127792672028597,
    "recall_by_item": 0.005208333333333333,
    "f1_by_item": 0.003908431044109435,
    "msg": "   具体日期_exact_match  演唱会中文名_llm_judge  演唱会英文名_llm_judge  举办国家_exact_match  举办城市_llm_judge  举办场馆_llm_judge\n0               1.0                 0                 0               0.0               0               0\n1               1.0                 0                 0               0.0               0               0\n2               1.0                 0                 0               0.0               0               0\n3               1.0                 0                 0               0.0               0               0\n4               1.0                 0                 0               0.0               0               0\n5               1.0                 0                 0               0.0               0               0\n6               1.0                 0                 0               0.0               0               0"
}