{
    "instance_id": "ws_zh_073",
    "score": 0.0,
    "precision_by_row": 0.5,
    "recall_by_row": 0.023809523809523808,
    "f1_by_row": 0.04545454545454545,
    "precision_by_item": 0.8333333333333334,
    "recall_by_item": 0.03968253968253968,
    "f1_by_item": 0.07575757575757576,
    "msg": "   博物馆名称_exact_match  地址_llm_judge  开放时间_llm_judge\n0                1.0             0               1\n1                1.0             1               1\n2                1.0             1               1\n3                1.0             0               1"
}