{
    "instance_id": "ws_en_073",
    "score": 0.0,
    "precision_by_row": 0.0,
    "recall_by_row": 0.0,
    "f1_by_row": 0.0,
    "precision_by_item": 0.31666666666666665,
    "recall_by_item": 0.007569721115537849,
    "f1_by_item": 0.014785992217898834,
    "msg": "   productseries_llm_judge  productname_exact_match  chipname_exact_match  releasedate_exact_match  businterface_exact_match  memorycapacity_llm_judge  memorytype_exact_match  memorybitwidth_llm_judge  corefrequency_exact_match  memoryfrequency_exact_match\n0                        1                      1.0                   1.0                      0.0                       0.0                         0                     1.0                         0                        0.0                          0.0\n1                        1                      1.0                   1.0                      0.0                       0.0                         1                     0.0                         0                        0.0                          0.0\n2                        1                      1.0                   1.0                      0.0                       0.0                         1                     1.0                         0                        0.0                          0.0\n3                        1                      1.0                   1.0                      0.0                       0.0                         1                     1.0                         0                        0.0                          0.0\n4                        1                      1.0                   1.0                      0.0                       0.0                         1                     1.0                         0                        0.0                          0.0\n5                        1                      1.0                   1.0                      0.0                       0.0                         1                     1.0                         0                        0.0                          0.0\n6                        1                      1.0                   1.0                      0.0                       0.0                         0                     1.0                         0                        1.0                          0.0\n7                        1                      1.0                   1.0                      0.0                       0.0                         1                     1.0                         0                        0.0                          0.0"
}