{
    "instance_id": "ws_en_077",
    "score": 0.0,
    "precision_by_row": 0.09090909090909091,
    "recall_by_row": 0.045454545454545456,
    "f1_by_row": 0.060606060606060615,
    "precision_by_item": 0.509090909090909,
    "recall_by_item": 0.2545454545454545,
    "f1_by_item": 0.3393939393939393,
    "msg": "   name_exact_match  position_exact_match  startdate_date_near  enddate_date_near  successor_llm_judge\n0               1.0                   1.0                  1.0                0.0                    1\n1               1.0                   1.0                  1.0                0.0                    1\n2               1.0                   1.0                  1.0                1.0                    1\n3               1.0                   1.0                  1.0                1.0                    0\n4               1.0                   1.0                  1.0                1.0                    0\n5               1.0                   1.0                  1.0                0.0                    1\n6               1.0                   1.0                  0.0                0.0                    1"
}