{
    "instance_id": "ws_zh_013",
    "score": 0.0,
    "precision_by_row": 0.3333333333333333,
    "recall_by_row": 0.008064516129032258,
    "f1_by_row": 0.015748031496062992,
    "precision_by_item": 0.6666666666666666,
    "recall_by_item": 0.016129032258064516,
    "f1_by_item": 0.031496062992125984,
    "msg": "   届数_exact_match  奖项名称_exact_match  获奖歌曲/专辑_llm_judge  演唱者_llm_judge\n0             1.0               1.0                  0              0\n1             1.0               1.0                  1              1\n2             1.0               1.0                  0              0"
}