{
    "instance_id": "ws_en_097",
    "score": 0.0,
    "precision_by_row": 0.0,
    "recall_by_row": 0.0,
    "f1_by_row": 0.0,
    "precision_by_item": 0.5555555555555556,
    "recall_by_item": 0.11494252873563218,
    "f1_by_item": 0.1904761904761905,
    "msg": "   movietitle_exact_match  director_llm_judge  leadingactress_llm_judge  yearofpremiere_exact_match  distributor_llm_judge  awards_llm_judge\n0                     1.0                   1                         1                         1.0                      0                 1\n1                     1.0                   1                         0                         1.0                      1                 0\n2                     1.0                   1                         0                         1.0                      0                 0\n3                     1.0                   1                         1                         1.0                      0                 0\n4                     1.0                   0                         0                         1.0                      0                 0\n5                     1.0                   0                         0                         1.0                      0                 0"
}