{
    "instance_id": "ws_en_057",
    "score": 0.0,
    "precision_by_row": 0.0,
    "recall_by_row": 0.0,
    "f1_by_row": 0.0,
    "precision_by_item": 0.35714285714285715,
    "recall_by_item": 0.09615384615384616,
    "f1_by_item": 0.15151515151515152,
    "msg": "   filmtitle_exact_match  releasedate_date_near  nominations_llm_judge  awards_llm_judge\n0                    1.0                    1.0                      0                 0\n1                    1.0                    1.0                      0                 0\n2                    1.0                    1.0                      0                 0\n3                    1.0                    1.0                      0                 0\n4                    1.0                    1.0                      0                 0"
}