{
    "instance_id": "ws_zh_016",
    "score": 0.0,
    "precision_by_row": 0.0,
    "recall_by_row": 0.0,
    "f1_by_row": 0.0,
    "precision_by_item": 0.375,
    "recall_by_item": 0.14150943396226415,
    "f1_by_item": 0.20547945205479454,
    "msg": "   景区名称_exact_match  所属地区_llm_judge  评定年份_llm_judge  门票价格_llm_judge\n0               1.0               1               1               0\n1               1.0               1               1               0\n2               1.0               1               1               0\n3               1.0               1               1               0\n4               1.0               1               1               0\n5               1.0               1               1               0\n6               1.0               1               1               0\n7               1.0               1               1               0\n8               1.0               1               1               0\n9               1.0               1               1               0"
}