{
    "instance_id": "ws_zh_025",
    "score": 0.0,
    "precision_by_row": 0.0,
    "recall_by_row": 0.0,
    "f1_by_row": 0.0,
    "precision_by_item": 0.44642857142857145,
    "recall_by_item": 0.18796992481203006,
    "f1_by_item": 0.2645502645502646,
    "msg": "   手机型号_llm_judge  发布日期_exact_match  出厂搭载系统_llm_judge  手机处理器品牌_llm_judge  手机cpu型号_llm_judge  cpu制造工艺_exact_match  cpu核心数_exact_match  屏幕尺寸_llm_judge  分辨率_llm_judge  电池容量_llm_judge  运行内存大小_exact_match  存储空间大小_exact_match  最高像素_llm_judge  发布时的售价_exact_match\n0               0               1.0                 0                  0                  0                  1.0                 1.0               0              0               0                 0.0                 0.0               0                 0.0\n1               0               1.0                 0                  0                  0                  0.0                 1.0               1              1               0                 0.0                 0.0               0                 0.0\n2               1               1.0                 0                  1                  1                  0.0                 1.0               1              0               1                 0.0                 0.0               1                 0.0\n3               1               1.0                 0                  1                  0                  1.0                 1.0               1              0               1                 0.0                 0.0               1                 0.0\n4               1               1.0                 0                  1                  1                  1.0                 1.0               1              0               1                 0.0                 0.0               0                 1.0\n5               0               1.0                 0                  0                  0                  0.0                 1.0               1              0               1                 0.0                 0.0               1                 1.0\n6               1               1.0                 0                  1                  1                  1.0                 1.0               1              0               1                 0.0                 0.0               0                 0.0\n7               0               1.0                 0                  1                  0                  1.0                 1.0               0              0               0                 0.0                 0.0               0                 0.0"
}