{
    "instance_id": "ws_zh_051",
    "score": 0.0,
    "precision_by_row": 0.043478260869565216,
    "recall_by_row": 0.02857142857142857,
    "f1_by_row": 0.034482758620689655,
    "precision_by_item": 0.532608695652174,
    "recall_by_item": 0.35,
    "f1_by_item": 0.4224137931034483,
    "msg": "    中文名称_exact_match  英文名称_llm_judge  中国上映时间_exact_match  中国大陆票房（单位：人民币）_number_near\n0                1.0               1                 0.0                         0.0\n1                1.0               1                 1.0                         0.0\n2                1.0               1                 0.0                         0.0\n3                1.0               1                 0.0                         0.0\n4                1.0               1                 0.0                         0.0\n5                1.0               1                 1.0                         0.0\n6                1.0               1                 1.0                         0.0\n7                1.0               1                 0.0                         0.0\n8                1.0               1                 0.0                         0.0\n9                1.0               1                 1.0                         0.0\n10               1.0               1                 1.0                         0.0\n11               1.0               1                 0.0                         0.0\n12               1.0               1                 1.0                         1.0\n13               1.0               1                 0.0                         0.0\n14               1.0               1                 0.0                         0.0\n15               1.0               0                 0.0                         1.0\n16               1.0               0                 0.0                         1.0\n17               1.0               1                 0.0                         0.0\n18               1.0               1                 0.0                         1.0\n19               1.0               1                 0.0                         1.0"
}