{
    "instance_id": "ws_en_070",
    "score": 0.0,
    "precision_by_row": 0.3333333333333333,
    "recall_by_row": 0.03125,
    "f1_by_row": 0.05714285714285714,
    "precision_by_item": 0.5833333333333334,
    "recall_by_item": 0.0546875,
    "f1_by_item": 0.1,
    "msg": "   university_exact_match  major_exact_match  tuition_llm_judge  requirements_llm_judge\n0                     1.0                1.0                  1                       0\n1                     1.0                1.0                  1                       1"
}