{
    "instance_id": "ws_en_045",
    "score": 0.0,
    "precision_by_row": 0.0,
    "recall_by_row": 0.0,
    "f1_by_row": 0.0,
    "precision_by_item": 0.043333333333333335,
    "recall_by_item": 0.043333333333333335,
    "f1_by_item": 0.043333333333333335,
    "msg": "   ranking_llm_judge  library_llm_judge  institution_llm_judge  libraryid_exact_match  totalvolumes_number_near  fundingsource_exact_match\n0                  0                  0                      0                    1.0                       0.0                        1.0\n1                  0                  0                      0                    1.0                       0.0                        1.0\n2                  0                  0                      0                    1.0                       0.0                        0.0\n3                  0                  0                      0                    1.0                       0.0                        1.0\n4                  0                  0                      0                    1.0                       0.0                        0.0\n5                  0                  0                      0                    1.0                       0.0                        0.0\n6                  0                  0                      0                    1.0                       0.0                        1.0\n7                  0                  0                      0                    1.0                       0.0                        1.0"
}