{
    "instance_id": "ws_zh_098",
    "score": 0.0,
    "precision_by_row": 0.0,
    "recall_by_row": 0.0,
    "f1_by_row": 0.0,
    "precision_by_item": 0.5277777777777778,
    "recall_by_item": 0.02283653846153846,
    "f1_by_item": 0.04377880184331797,
    "msg": "   期刊名称_llm_judge  论文名称_exact_match  论文关键词_llm_judge  论文作者_llm_judge\n0               0               1.0                1               0\n1               1               1.0                1               0\n2               0               1.0                1               0\n3               1               1.0                1               0\n4               0               1.0                1               0\n5               0               1.0                1               0\n6               0               1.0                1               0\n7               0               1.0                0               0\n8               0               1.0                1               0"
}