{
    "instance_id": "ws_zh_048",
    "score": 0.0,
    "precision_by_row": 0.0,
    "recall_by_row": 0.0,
    "f1_by_row": 0.0,
    "precision_by_item": 0.0873015873015873,
    "recall_by_item": 0.05238095238095238,
    "f1_by_item": 0.06547619047619047,
    "msg": "   演员名称_exact_match  播出年份_exact_match  影视名称_exact_match  角色名_llm_judge  搭档演员_llm_judge  播放平台_llm_judge\n0               1.0               1.0               1.0              0               0               0\n1               1.0               1.0               1.0              0               0               1\n2               1.0               1.0               1.0              0               0               1"
}