{
    "instance_id": "ws_zh_002",
    "score": 0.0,
    "precision_by_row": 0.1111111111111111,
    "recall_by_row": 0.03125,
    "f1_by_row": 0.04878048780487805,
    "precision_by_item": 0.4444444444444444,
    "recall_by_item": 0.125,
    "f1_by_item": 0.1951219512195122,
    "msg": "   学校名称_exact_match  专业_exact_match  学费_llm_judge  入学要求_llm_judge\n0               1.0             1.0             1               0\n1               1.0             1.0             1               0\n2               1.0             1.0             0               0\n3               1.0             1.0             1               1\n4               1.0             1.0             0               0\n5               1.0             1.0             0               0"
}