{
    "instance_id": "ws_en_025",
    "score": 0.0,
    "precision_by_row": 1.0,
    "recall_by_row": 0.16666666666666666,
    "f1_by_row": 0.2857142857142857,
    "precision_by_item": 1.0,
    "recall_by_item": 0.16666666666666666,
    "f1_by_item": 0.2857142857142857,
    "msg": "   clinic_exact_match  county_exact_match  fulladdress_llm_judge  phonenumber_exact_match  saturdayoperationhours_llm_judge\n0                 1.0                 1.0                      1                      1.0                                 1"
}