{
    "instance_id": "ws_zh_055",
    "score": 0.0,
    "precision_by_row": 0.16666666666666666,
    "recall_by_row": 0.0196078431372549,
    "f1_by_row": 0.03508771929824561,
    "precision_by_item": 0.5,
    "recall_by_item": 0.058823529411764705,
    "f1_by_item": 0.10526315789473684,
    "msg": "   年份_exact_match  教育阶段_exact_match  院校数量(万所)_number_near  专任教师数量(万人)_number_near  招生数量(万人)_number_near  毕业生数量(万人)_number_near\n0             1.0               1.0                   0.0                     0.0                   0.0                    0.0\n1             1.0               1.0                   1.0                     0.0                   0.0                    0.0\n2             1.0               1.0                   0.0                     0.0                   0.0                    0.0\n3             1.0               1.0                   0.0                     0.0                   0.0                    0.0\n4             1.0               1.0                   1.0                     1.0                   1.0                    1.0\n5             1.0               1.0                   0.0                     0.0                   1.0                    0.0"
}