{
    "instance_id": "ws_en_098",
    "score": 0.0,
    "precision_by_row": 0.0,
    "recall_by_row": 0.0,
    "f1_by_row": 0.0,
    "precision_by_item": 0.26785714285714285,
    "recall_by_item": 0.078125,
    "f1_by_item": 0.12096774193548386,
    "msg": "    country_exact_match  2024gdpgrowth(%)_number_near  2023gdpgrowth(%)_number_near  2022gdpgrowth(%)_number_near\n0                   1.0                           0.0                           0.0                           0.0\n1                   1.0                           0.0                           0.0                           0.0\n2                   1.0                           0.0                           0.0                           0.0\n3                   1.0                           0.0                           1.0                           0.0\n4                   1.0                           1.0                           0.0                           0.0\n5                   1.0                           0.0                           0.0                           0.0\n6                   1.0                           0.0                           0.0                           0.0\n7                   1.0                           0.0                           0.0                           0.0\n8                   1.0                           0.0                           0.0                           0.0\n9                   1.0                           0.0                           0.0                           0.0\n10                  1.0                           1.0                           0.0                           0.0\n11                  1.0                           0.0                           0.0                           0.0"
}