{
    "instance_id": "ws_zh_095",
    "score": 0.0,
    "precision_by_row": 0.25,
    "recall_by_row": 0.16666666666666666,
    "f1_by_row": 0.2,
    "precision_by_item": 0.3125,
    "recall_by_item": 0.20833333333333334,
    "f1_by_item": 0.25,
    "msg": "   年份_exact_match  赛事名称_exact_match  上场中国女排队员_llm_judge  赛事最终结果/名次_llm_judge\n0             1.0               1.0                   1                    1\n1             1.0               1.0                   1                    0\n2             1.0               1.0                   1                    1\n3             1.0               1.0                   1                    1"
}