{
    "instance_id": "ws_zh_046",
    "score": 0.0,
    "precision_by_row": 0.0,
    "recall_by_row": 0.0,
    "f1_by_row": 0.0,
    "precision_by_item": 0.4444444444444444,
    "recall_by_item": 0.044444444444444446,
    "f1_by_item": 0.08080808080808081,
    "msg": "   自治州名称_exact_match  设立时间_llm_judge  总面积_number_near  下辖地区_llm_judge  2024年州长姓名_exact_match  州长所属民族_exact_match\n0                1.0               0              1.0               1                    0.0                 0.0\n1                1.0               1              1.0               1                    1.0                 0.0"
}