{
    "instance_id": "ws_en_046",
    "score": 0.0,
    "precision_by_row": 0.0,
    "recall_by_row": 0.0,
    "f1_by_row": 0.0,
    "precision_by_item": 0.32727272727272727,
    "recall_by_item": 0.4,
    "f1_by_item": 0.36000000000000004,
    "msg": "   year_exact_match  event_exact_match  eventvenue_exact_match  rosteroffemalecompetitors_llm_judge  finalposition_exact_match\n0               1.0                1.0                     0.0                                    0                        0.0\n1               1.0                1.0                     0.0                                    0                        0.0\n2               1.0                1.0                     1.0                                    1                        0.0\n3               1.0                1.0                     0.0                                    0                        0.0\n4               1.0                1.0                     0.0                                    0                        0.0\n5               1.0                1.0                     1.0                                    0                        0.0\n6               1.0                1.0                     0.0                                    0                        1.0"
}