{
    "instance_id": "ws_zh_010",
    "score": 0.0,
    "precision_by_row": 0.0,
    "recall_by_row": 0.0,
    "f1_by_row": 0.0,
    "precision_by_item": 0.4,
    "recall_by_item": 0.015151515151515152,
    "f1_by_item": 0.029197080291970805,
    "msg": "   时间_exact_match  赛事名称_exact_match  级别_llm_judge  项目_llm_judge  赛事成绩_llm_judge  1/16赛-对手_llm_judge  1/16赛-比分_llm_judge  1/16赛-胜负_llm_judge  1/8赛-对手_llm_judge  1/8赛-比分_llm_judge  1/8赛-胜负_llm_judge  1/4赛-对手_llm_judge  1/4赛-比分_llm_judge  1/4赛-胜负_llm_judge  半决赛-对手_llm_judge  半决赛-比分_llm_judge  半决赛-胜负_llm_judge  决赛-对手_llm_judge  决赛-比分_llm_judge  决赛-胜负_llm_judge\n0             0.0               1.0             1             1               0                   0                   0                   0                  0                  0                  0                  1                  1                  1                 0                 0                 0                1                1                1\n1             0.0               1.0             0             0               0                   1                   1                   1                  0                  0                  1                  0                  1                  1                 0                 0                 0                0                1                1\n2             0.0               1.0             1             0               0                   1                   1                   1                  0                  0                  0                  0                  0                  0                 0                 0                 1                0                0                0\n3             0.0               1.0             1             0               0                   1                   1                   1                  0                  0                  0                  0                  0                  0                 0                 0                 1                0                0                0\n4             0.0               1.0             1             1               0                   1                   1                   1                  0                  0                  0                  0                  0                  0                 1                 0                 0                1                1                1"
}