{
    "instance_id": "ws_en_007",
    "score": 0.0,
    "precision_by_row": 0.0,
    "recall_by_row": 0.0,
    "f1_by_row": 0.0,
    "precision_by_item": 0.46920821114369504,
    "recall_by_item": 0.3931203931203931,
    "f1_by_item": 0.4278074866310161,
    "msg": "    missionname_llm_judge  missiontype_llm_judge  crewnames_llm_judge  backupcrewnames_llm_judge  launchdate_exact_match  launchpad_llm_judge  landingdate_exact_match  landinglocation_llm_judge  vehicle_llm_judge  orbitduration_llm_judge  missionstatus_llm_judge\n0                       1                      0                    1                          0                     1.0                    1                      0.0                          0                  0                        0                        1\n1                       1                      0                    1                          0                     1.0                    1                      0.0                          0                  0                        0                        1\n2                       1                      0                    1                          0                     1.0                    1                      0.0                          0                  0                        0                        1\n3                       1                      0                    1                          0                     1.0                    1                      0.0                          0                  0                        0                        1\n4                       1                      0                    1                          0                     1.0                    1                      0.0                          0                  0                        0                        1\n5                       1                      0                    0                          0                     1.0                    1                      0.0                          0                  0                        0                        1\n6                       0                      0                    0                          0                     1.0                    1                      0.0                          0                  0                        0                        1\n7                       1                      0                    1                          0                     1.0                    1                      0.0                          0                  0                        0                        1\n8                       1                      0                    1                          0                     1.0                    1                      0.0                          0                  0                        0                        1\n9                       1                      0                    1                          0                     1.0                    1                      0.0                          1                  1                        1                        1\n10                      1                      1                    1                          1                     1.0                    0                      0.0                          0                  1                        0                        1\n11                      1                      1                    1                          1                     1.0                    0                      0.0                          0                  1                        0                        0\n12                      1                      1                    1                          0                     1.0                    1                      1.0                          0                  1                        0                        1\n13                      1                      0                    1                          0                     1.0                    1                      1.0                          0                  1                        1                        1\n14                      1                      0                    1                          0                     1.0                    1                      0.0                          0                  1                        0                        1\n15                      1                      0                    1                          0                     1.0                    0                      1.0                          0                  1                        1                        1\n16                      1                      0                    1                          0                     1.0                    1                      1.0                          0                  1                        1                        1\n17                      1                      0                    0                          0                     1.0                    1                      1.0                          0                  1                        0                        1\n18                      1                      0                    1                          0                     1.0                    1                      0.0                          0                  1                        0                        0\n19                      1                      0                    1                          0                     1.0                    1                      1.0                          0                  1                        0                        1\n20                      1                      0                    1                          0                     1.0                    1                      1.0                          0                  1                        0                        1\n21                      1                      0                    1                          0                     1.0                    1                      1.0                          0                  1                        0                        1\n22                      1                      0                    1                          0                     1.0                    1                      1.0                          0                  1                        1                        1\n23                      0                      0                    1                          1                     1.0                    1                      0.0                          0                  0                        0                        0\n24                      1                      0                    0                          0                     1.0                    0                      1.0                          0                  1                        0                        1\n25                      1                      0                    0                          0                     1.0                    0                      0.0                          0                  1                        1                        1\n26                      1                      0                    1                          0                     1.0                    0                      0.0                          0                  1                        1                        1"
}