{
    "instance_id": "ws_en_077",
    "score": 0.0,
    "precision_by_row": 0.14285714285714285,
    "recall_by_row": 0.09090909090909091,
    "f1_by_row": 0.1111111111111111,
    "precision_by_item": 0.34285714285714286,
    "recall_by_item": 0.21818181818181817,
    "f1_by_item": 0.26666666666666666,
    "msg": "   name_exact_match  position_exact_match  startdate_date_near  enddate_date_near  successor_llm_judge\n0               1.0                   1.0                  1.0                0.0                    1\n1               1.0                   1.0                  1.0                0.0                    0\n2               1.0                   1.0                  1.0                1.0                    1\n3               1.0                   1.0                  1.0                0.0                    1\n4               1.0                   1.0                  1.0                1.0                    1\n5               1.0                   1.0                  1.0                0.0                    0"
}