{
    "instance_id": "ws_zh_073",
    "score": 0.0,
    "precision_by_row": 0.2222222222222222,
    "recall_by_row": 0.023809523809523808,
    "f1_by_row": 0.043010752688172046,
    "precision_by_item": 0.48148148148148145,
    "recall_by_item": 0.051587301587301584,
    "f1_by_item": 0.09318996415770608,
    "msg": "   博物馆名称_exact_match  地址_llm_judge  开放时间_llm_judge\n0                1.0             0               0\n1                1.0             0               0\n2                1.0             1               1\n3                1.0             0               1\n4                1.0             1               1\n5                1.0             0               0\n6                1.0             0               1"
}