{
    "instance_id": "ws_en_031",
    "score": 0.0,
    "precision_by_row": 0.0,
    "recall_by_row": 0.0,
    "f1_by_row": 0.0,
    "precision_by_item": 0.25263157894736843,
    "recall_by_item": 0.09056603773584905,
    "f1_by_item": 0.13333333333333333,
    "msg": "   actress_llm_judge  yearofrelease_exact_match  titleoffilm_exact_match  charactername_llm_judge  awards_llm_judge\n0                  1                        0.0                      1.0                        0                 0\n1                  1                        0.0                      1.0                        1                 0\n2                  1                        1.0                      1.0                        0                 0\n3                  1                        1.0                      1.0                        0                 0\n4                  1                        1.0                      1.0                        1                 0\n5                  1                        0.0                      1.0                        0                 0\n6                  1                        1.0                      1.0                        1                 0\n7                  1                        1.0                      1.0                        0                 0"
}