{
    "instance_id": "ws_en_022",
    "score": 0.0,
    "precision_by_row": 0.0,
    "recall_by_row": 0.0,
    "f1_by_row": 0.0,
    "precision_by_item": 0.4375,
    "recall_by_item": 0.13125,
    "f1_by_item": 0.20192307692307696,
    "msg": "   category_exact_match  rank_exact_match  title_llm_judge  singer_llm_judge  language_exact_match  songwriter(s)_llm_judge  producer(s)_llm_judge  releasedate_date_near\n0                   1.0               1.0                0                 0                   1.0                        0                      0                    0.0\n1                   1.0               1.0                0                 0                   1.0                        0                      0                    1.0\n2                   1.0               1.0                0                 1                   1.0                        1                      0                    0.0\n3                   1.0               1.0                0                 0                   1.0                        0                      0                    0.0\n4                   1.0               1.0                0                 0                   1.0                        0                      0                    0.0\n5                   1.0               1.0                0                 0                   1.0                        0                      0                    0.0"
}