{
    "instance_id": "ws_en_055",
    "score": 0.0,
    "precision_by_row": 0.16666666666666666,
    "recall_by_row": 0.16,
    "f1_by_row": 0.16326530612244897,
    "precision_by_item": 0.3125,
    "recall_by_item": 0.3,
    "f1_by_item": 0.3061224489795918,
    "msg": "   park_exact_match  location_exact_match  owningentity/company_llm_judge  attendance(inthousands)_number_near\n0               1.0                   1.0                               1                                  1.0\n1               1.0                   1.0                               1                                  1.0\n2               1.0                   1.0                               0                                  1.0\n3               1.0                   1.0                               0                                  1.0\n4               1.0                   1.0                               0                                  0.0\n5               1.0                   1.0                               1                                  0.0\n6               1.0                   1.0                               1                                  1.0\n7               1.0                   1.0                               1                                  1.0\n8               1.0                   1.0                               1                                  0.0"
}