{
    "instance_id": "ws_en_055",
    "score": 0.0,
    "precision_by_row": 0.037037037037037035,
    "recall_by_row": 0.04,
    "f1_by_row": 0.03846153846153846,
    "precision_by_item": 0.2222222222222222,
    "recall_by_item": 0.24,
    "f1_by_item": 0.23076923076923075,
    "msg": "   park_exact_match  location_exact_match  owningentity/company_llm_judge  attendance(inthousands)_number_near\n0               1.0                   1.0                               1                                  0.0\n1               1.0                   1.0                               1                                  0.0\n2               1.0                   1.0                               1                                  0.0\n3               1.0                   1.0                               0                                  1.0\n4               1.0                   1.0                               1                                  1.0\n5               1.0                   1.0                               0                                  0.0\n6               1.0                   1.0                               1                                  0.0\n7               1.0                   1.0                               1                                  0.0"
}