{
    "instance_id": "ws_zh_030",
    "score": 0.0,
    "precision_by_row": 0.0,
    "recall_by_row": 0.0,
    "f1_by_row": 0.0,
    "precision_by_item": 0.22058823529411764,
    "recall_by_item": 0.1171875,
    "f1_by_item": 0.15306122448979592,
    "msg": "    歌曲名称_exact_match  填词人_llm_judge  编曲人_llm_judge  发行时间_exact_match  所属专辑_llm_judge  歌曲时长_llm_judge\n0                1.0              1              0               1.0               1               0\n1                1.0              0              0               1.0               1               0\n2                1.0              0              0               1.0               1               0\n3                1.0              1              0               0.0               0               0\n4                1.0              0              1               1.0               1               0\n5                1.0              0              1               1.0               1               0\n6                1.0              0              0               1.0               1               0\n7                1.0              1              0               0.0               0               0\n8                1.0              0              0               0.0               0               0\n9                1.0              1              0               0.0               0               0\n10               1.0              1              0               0.0               0               1\n11               1.0              0              0               0.0               0               0\n12               1.0              0              0               0.0               1               0\n13               1.0              1              0               1.0               1               1\n14               1.0              0              0               1.0               1               0\n15               1.0              0              0               1.0               1               0"
}