{
    "instance_id": "ws_en_087",
    "score": 0.0,
    "precision_by_row": 0.0,
    "recall_by_row": 0.0,
    "f1_by_row": 0.0,
    "precision_by_item": 0.55,
    "recall_by_item": 0.3173076923076923,
    "f1_by_item": 0.4024390243902439,
    "msg": "    country_exact_match  capitalcity_llm_judge  surfacearea(km²)_number_near  populationdensity(people/km²oflandarea)_number_near  totalpopulation(thousands)_number_near  merchandisetrade(%ofgdp)_number_near\n0                   1.0                      1                           1.0                                                  0.0                                     1.0                                   0.0\n1                   1.0                      1                           1.0                                                  0.0                                     0.0                                   0.0\n2                   1.0                      1                           1.0                                                  0.0                                     0.0                                   0.0\n3                   1.0                      1                           1.0                                                  0.0                                     1.0                                   0.0\n4                   1.0                      1                           1.0                                                  0.0                                     0.0                                   0.0\n5                   1.0                      1                           1.0                                                  0.0                                     1.0                                   0.0\n6                   1.0                      1                           1.0                                                  0.0                                     0.0                                   0.0\n7                   1.0                      0                           1.0                                                  0.0                                     0.0                                   0.0\n8                   1.0                      1                           0.0                                                  0.0                                     0.0                                   0.0\n9                   1.0                      1                           1.0                                                  0.0                                     0.0                                   0.0\n10                  1.0                      1                           1.0                                                  0.0                                     1.0                                   1.0\n11                  1.0                      1                           1.0                                                  0.0                                     0.0                                   0.0\n12                  1.0                      1                           1.0                                                  0.0                                     0.0                                   0.0\n13                  1.0                      1                           1.0                                                  0.0                                     0.0                                   1.0\n14                  1.0                      1                           1.0                                                  0.0                                     0.0                                   0.0\n15                  1.0                      1                           1.0                                                  0.0                                     1.0                                   0.0\n16                  1.0                      1                           1.0                                                  0.0                                     0.0                                   0.0\n17                  1.0                      1                           1.0                                                  0.0                                     0.0                                   1.0\n18                  1.0                      1                           1.0                                                  0.0                                     0.0                                   0.0\n19                  1.0                      1                           1.0                                                  1.0                                     0.0                                   0.0\n20                  1.0                      1                           1.0                                                  0.0                                     1.0                                   0.0\n21                  1.0                      1                           1.0                                                  0.0                                     0.0                                   0.0\n22                  1.0                      1                           1.0                                                  0.0                                     1.0                                   0.0\n23                  1.0                      1                           1.0                                                  0.0                                     0.0                                   0.0\n24                  1.0                      1                           1.0                                                  0.0                                     1.0                                   0.0\n25                  1.0                      1                           1.0                                                  0.0                                     1.0                                   0.0\n26                  1.0                      1                           1.0                                                  0.0                                     0.0                                   0.0\n27                  1.0                      1                           1.0                                                  0.0                                     0.0                                   0.0\n28                  1.0                      1                           1.0                                                  0.0                                     1.0                                   0.0"
}