{
    "instance_id": "ws_zh_023",
    "score": 0.0,
    "precision_by_row": 0.3333333333333333,
    "recall_by_row": 0.018518518518518517,
    "f1_by_row": 0.03508771929824561,
    "precision_by_item": 0.5833333333333334,
    "recall_by_item": 0.032407407407407406,
    "f1_by_item": 0.06140350877192982,
    "msg": "   获奖年份_exact_match  姓名_exact_match  出版作品名称_exact_match  首次出版年份_exact_match\n0               1.0             1.0                 1.0                 1.0\n1               1.0             1.0                 1.0                 0.0"
}