{
    "instance_id": "ws_zh_062",
    "score": 0.0,
    "precision_by_row": 0.0,
    "recall_by_row": 0.0,
    "f1_by_row": 0.0,
    "precision_by_item": 0.358974358974359,
    "recall_by_item": 0.036458333333333336,
    "f1_by_item": 0.06619385342789598,
    "msg": "    场景名称_llm_judge  具体事项_exact_match  实施方式_exact_match  牵头部门_exact_match  配合部门_llm_judge  完成时限_exact_match\n0                0               1.0               0.0               1.0               1               0.0\n1                1               1.0               0.0               0.0               1               0.0\n2                0               1.0               0.0               0.0               0               0.0\n3                0               1.0               0.0               0.0               0               0.0\n4                1               1.0               0.0               0.0               1               0.0\n5                0               1.0               0.0               0.0               1               0.0\n6                1               1.0               0.0               1.0               0               0.0\n7                0               1.0               0.0               0.0               0               0.0\n8                1               1.0               0.0               1.0               1               0.0\n9                0               1.0               0.0               1.0               0               0.0\n10               1               1.0               0.0               0.0               0               0.0\n11               0               1.0               0.0               1.0               0               0.0\n12               0               1.0               0.0               0.0               0               0.0"
}