{
    "instance_id": "ws_zh_022",
    "score": 0.0,
    "precision_by_row": 0.16666666666666666,
    "recall_by_row": 0.04,
    "f1_by_row": 0.06451612903225806,
    "precision_by_item": 0.26666666666666666,
    "recall_by_item": 0.064,
    "f1_by_item": 0.1032258064516129,
    "msg": "   官员名字_exact_match  职位_exact_match  上任日期_date_near  离任日期_date_near  继任者_llm_judge\n0               1.0             1.0             1.0             1.0              1\n1               1.0             1.0             1.0             0.0              0"
}