{
    "instance_id": "ws_en_055",
    "score": 0.0,
    "precision_by_row": 0.15,
    "recall_by_row": 0.12,
    "f1_by_row": 0.1333333333333333,
    "precision_by_item": 0.3125,
    "recall_by_item": 0.25,
    "f1_by_item": 0.2777777777777778,
    "msg": "   park_exact_match  location_exact_match  owningentity/company_llm_judge  attendance(inthousands)_number_near\n0               1.0                   1.0                               1                                  1.0\n1               1.0                   1.0                               1                                  0.0\n2               1.0                   1.0                               0                                  0.0\n3               1.0                   1.0                               0                                  0.0\n4               1.0                   1.0                               1                                  1.0\n5               1.0                   1.0                               1                                  1.0\n6               1.0                   1.0                               1                                  0.0\n7               1.0                   1.0                               1                                  0.0"
}