{
    "instance_id": "ws_zh_079",
    "score": 0.0,
    "precision_by_row": 0.06451612903225806,
    "recall_by_row": 0.015384615384615385,
    "f1_by_row": 0.02484472049689441,
    "precision_by_item": 0.1935483870967742,
    "recall_by_item": 0.046153846153846156,
    "f1_by_item": 0.07453416149068323,
    "msg": "   行政区划_exact_match  姓名_exact_match  上任日期_date_near  离任日期_date_near\n0               1.0             1.0             0.0             0.0\n1               1.0             1.0             0.0             0.0\n2               1.0             1.0             1.0             1.0\n3               1.0             1.0             0.0             0.0\n4               1.0             1.0             0.0             0.0\n5               1.0             1.0             0.0             0.0\n6               1.0             1.0             0.0             0.0\n7               1.0             1.0             0.0             0.0\n8               1.0             1.0             0.0             0.0\n9               1.0             1.0             1.0             1.0"
}