{
    "instance_id": "ws_zh_078",
    "score": 0.0,
    "precision_by_row": 0.0,
    "recall_by_row": 0.0,
    "f1_by_row": 0.0,
    "precision_by_item": 0.3333333333333333,
    "recall_by_item": 0.010101010101010102,
    "f1_by_item": 0.019607843137254905,
    "msg": "   时间_exact_match  辟谣/谣言内容_exact_match  详情/真相_llm_judge\n0             0.0                  1.0                0"
}