{
    "instance_id": "ws_zh_078",
    "score": 0.0,
    "precision_by_row": 0.8,
    "recall_by_row": 0.12121212121212122,
    "f1_by_row": 0.2105263157894737,
    "precision_by_item": 0.9333333333333333,
    "recall_by_item": 0.1414141414141414,
    "f1_by_item": 0.24561403508771928,
    "msg": "   时间_exact_match  辟谣/谣言内容_exact_match  详情/真相_llm_judge\n0             0.0                  1.0                1\n1             1.0                  1.0                1\n2             1.0                  1.0                1\n3             1.0                  1.0                1\n4             1.0                  1.0                1"
}