{
    "instance_id": "ws_zh_038",
    "score": 0.0,
    "precision_by_row": 0.8,
    "recall_by_row": 0.047058823529411764,
    "f1_by_row": 0.08888888888888889,
    "precision_by_item": 0.8,
    "recall_by_item": 0.047058823529411764,
    "f1_by_item": 0.08888888888888889,
    "msg": "   景区名称_exact_match  省份_llm_judge  认定年份_number_near\n0               1.0             1               1.0\n1               1.0             1               1.0\n2               1.0             1               1.0\n3               1.0             1               1.0"
}