{
    "instance_id": "ws_zh_039",
    "score": 0.0,
    "precision_by_row": 0.1111111111111111,
    "recall_by_row": 0.017543859649122806,
    "f1_by_row": 0.030303030303030304,
    "precision_by_item": 0.6388888888888888,
    "recall_by_item": 0.10087719298245613,
    "f1_by_item": 0.17424242424242423,
    "msg": "   饭店名称_exact_match  市区_exact_match  星级标牌号_exact_match  具体地址_llm_judge\n0               1.0             1.0                1.0               0\n1               1.0             1.0                1.0               1\n2               1.0             0.0                0.0               0\n3               1.0             0.0                0.0               0\n4               1.0             1.0                0.0               1\n5               1.0             1.0                0.0               0\n6               1.0             1.0                1.0               0\n7               1.0             1.0                1.0               0\n8               1.0             1.0                0.0               1"
}