{
    "instance_id": "ws_zh_073",
    "score": 0.0,
    "precision_by_row": 0.6666666666666666,
    "recall_by_row": 0.023809523809523808,
    "f1_by_row": 0.04597701149425287,
    "precision_by_item": 0.8888888888888888,
    "recall_by_item": 0.031746031746031744,
    "f1_by_item": 0.06130268199233716,
    "msg": "   博物馆名称_exact_match  地址_llm_judge  开放时间_llm_judge\n0                1.0             1               1\n1                1.0             0               1\n2                1.0             1               1"
}