{
    "instance_id": "ws_zh_071",
    "score": 0.0,
    "precision_by_row": 0.0,
    "recall_by_row": 0.0,
    "f1_by_row": 0.0,
    "precision_by_item": 0.17142857142857143,
    "recall_by_item": 0.05714285714285714,
    "f1_by_item": 0.08571428571428572,
    "msg": "   上映年份_llm_judge  电影名_exact_match  题材_llm_judge  导演_llm_judge  领衔主演_llm_judge  累积票房（十亿韩元）_number_near  累积观影人次_number_near\n0               1              1.0             1             0               0                     0.0                 0.0\n1               0              1.0             0             0               0                     0.0                 0.0\n2               1              1.0             1             0               0                     0.0                 0.0\n3               0              1.0             1             0               1                     0.0                 0.0\n4               0              1.0             1             0               1                     0.0                 0.0\n5               0              1.0             0             0               0                     0.0                 0.0\n6               0              1.0             0             1               1                     0.0                 0.0\n7               0              1.0             0             0               0                     0.0                 0.0"
}