{
    "instance_id": "ws_en_031",
    "score": 0.0,
    "precision_by_row": 0.0,
    "recall_by_row": 0.0,
    "f1_by_row": 0.0,
    "precision_by_item": 0.425,
    "recall_by_item": 0.06415094339622641,
    "f1_by_item": 0.11147540983606558,
    "msg": "   actress_llm_judge  yearofrelease_exact_match  titleoffilm_exact_match  charactername_llm_judge  awards_llm_judge\n0                  1                        1.0                      1.0                        0                 0\n1                  0                        1.0                      1.0                        1                 0\n2                  1                        1.0                      1.0                        0                 0\n3                  0                        1.0                      1.0                        0                 0\n4                  1                        0.0                      1.0                        1                 1\n5                  0                        0.0                      1.0                        1                 0"
}