{
    "instance_id": "ws_en_067",
    "score": 0.0,
    "precision_by_row": 0.0,
    "recall_by_row": 0.0,
    "f1_by_row": 0.0,
    "precision_by_item": 0.4166666666666667,
    "recall_by_item": 0.01893939393939394,
    "f1_by_item": 0.036231884057971016,
    "msg": "   school_exact_match  yearfounded_exact_match  public/private_exact_match  totalstudents_number_near\n0                 1.0                      0.0                         0.0                        0.0\n1                 1.0                      0.0                         0.0                        0.0\n2                 1.0                      1.0                         0.0                        1.0"
}