{
    "instance_id": "ws_en_093",
    "score": 0.0,
    "precision_by_row": 0.3333333333333333,
    "recall_by_row": 0.0078125,
    "f1_by_row": 0.015267175572519083,
    "precision_by_item": 0.75,
    "recall_by_item": 0.017578125,
    "f1_by_item": 0.03435114503816794,
    "msg": "   companyname_llm_judge  publicationdate_exact_match  papertitle_exact_match  authors_llm_judge\n0                      0                          0.0                     1.0                  1\n1                      1                          0.0                     1.0                  1\n2                      1                          1.0                     1.0                  1"
}