{
    "instance_id": "ws_zh_059",
    "score": 0.0,
    "precision_by_row": 0.17647058823529413,
    "recall_by_row": 0.075,
    "f1_by_row": 0.10526315789473684,
    "precision_by_item": 0.7294117647058823,
    "recall_by_item": 0.31,
    "f1_by_item": 0.43508771929824563,
    "msg": "    产品名称_exact_match  首发年份_exact_match  容量_llm_judge  容量对应售价（美元）_llm_judge  核心新增技术/功能_llm_judge\n0                1.0               1.0             1                     1                    1\n1                1.0               1.0             0                     1                    1\n2                1.0               1.0             1                     1                    0\n3                1.0               1.0             1                     1                    1\n4                1.0               1.0             0                     0                    0\n5                1.0               1.0             1                     0                    0\n6                1.0               1.0             0                     0                    1\n7                1.0               1.0             0                     0                    1\n8                1.0               1.0             1                     0                    1\n9                1.0               1.0             1                     0                    1\n10               1.0               1.0             1                     1                    0\n11               1.0               1.0             1                     1                    0\n12               1.0               1.0             1                     1                    1\n13               1.0               1.0             1                     0                    1\n14               1.0               1.0             1                     1                    0\n15               1.0               1.0             1                     1                    0"
}