{
    "instance_id": "ws_en_020",
    "score": 0.0,
    "precision_by_row": 0.5,
    "recall_by_row": 0.012345679012345678,
    "f1_by_row": 0.024096385542168672,
    "precision_by_item": 0.9166666666666666,
    "recall_by_item": 0.02263374485596708,
    "f1_by_item": 0.044176706827309245,
    "msg": "   country_llm_judge  nameoftheheritagesite_exact_match  typeofheritage_llm_judge  location_llm_judge  area_number_near  yearofrecognition_exact_match\n0                  1                                1.0                         1                   1               0.0                            1.0\n1                  1                                1.0                         1                   1               1.0                            1.0"
}