{
    "instance_id": "ws_zh_093",
    "score": 0.0,
    "precision_by_row": 1.0,
    "recall_by_row": 0.017241379310344827,
    "f1_by_row": 0.03389830508474576,
    "precision_by_item": 1.0,
    "recall_by_item": 0.017241379310344827,
    "f1_by_item": 0.03389830508474576,
    "msg": "   学校名称_exact_match  创办时间_llm_judge  校训_llm_judge  详细地址_llm_judge\n0               1.0               1             1               1"
}