{
    "instance_id": "ws_zh_073",
    "score": 0.0,
    "precision_by_row": 0.18181818181818182,
    "recall_by_row": 0.023809523809523808,
    "f1_by_row": 0.042105263157894736,
    "precision_by_item": 0.5454545454545454,
    "recall_by_item": 0.07142857142857142,
    "f1_by_item": 0.1263157894736842,
    "msg": "   博物馆名称_exact_match  地址_llm_judge  开放时间_llm_judge\n0                1.0             0               1\n1                1.0             0               1\n2                1.0             0               1\n3                1.0             1               1\n4                1.0             0               1\n5                1.0             1               1\n6                1.0             0               1\n7                1.0             0               1"
}