{
    "instance_id": "ws_zh_096",
    "score": 0.0,
    "precision_by_row": 0.21428571428571427,
    "recall_by_row": 0.10344827586206896,
    "f1_by_row": 0.1395348837209302,
    "precision_by_item": 0.375,
    "recall_by_item": 0.1810344827586207,
    "f1_by_item": 0.24418604651162792,
    "msg": "   电影名称_exact_match  导演_llm_judge  上映年份_llm_judge  梁朝伟通过该电影所获奖项_llm_judge\n0               1.0             1               1                       1\n1               1.0             1               1                       1\n2               1.0             1               1                       0\n3               1.0             1               1                       0\n4               1.0             0               1                       1\n5               1.0             1               1                       1"
}