{
    "instance_id": "ws_zh_038",
    "score": 0.0,
    "precision_by_row": 0.0,
    "recall_by_row": 0.0,
    "f1_by_row": 0.0,
    "precision_by_item": 0.5333333333333333,
    "recall_by_item": 0.03137254901960784,
    "f1_by_item": 0.059259259259259255,
    "msg": "   景区名称_exact_match  省份_llm_judge  认定年份_number_near\n0               1.0             1               0.0\n1               1.0             1               0.0\n2               1.0             1               0.0\n3               1.0             1               0.0"
}