{
    "instance_id": "ws_zh_012",
    "score": 0.0,
    "precision_by_row": 0.0,
    "recall_by_row": 0.0,
    "f1_by_row": 0.0,
    "precision_by_item": 0.41818181818181815,
    "recall_by_item": 0.03458646616541353,
    "f1_by_item": 0.06388888888888888,
    "msg": "   排名_exact_match  企业名称_exact_match  营业收入（百万美元）_number_near  利润（百万美元）_number_near  总部所在城市_llm_judge\n0             0.0               1.0                     1.0                   1.0                 1\n1             0.0               1.0                     1.0                   0.0                 1\n2             0.0               1.0                     1.0                   0.0                 1\n3             0.0               1.0                     0.0                   0.0                 1\n4             0.0               1.0                     0.0                   0.0                 1\n5             0.0               1.0                     0.0                   0.0                 1\n6             0.0               1.0                     0.0                   0.0                 1\n7             0.0               1.0                     0.0                   0.0                 0\n8             0.0               1.0                     0.0                   0.0                 1\n9             0.0               1.0                     0.0                   0.0                 1"
}