{
    "instance_id": "ws_en_029",
    "score": 0.0,
    "precision_by_row": 0.25,
    "recall_by_row": 0.029411764705882353,
    "f1_by_row": 0.05263157894736842,
    "precision_by_item": 0.75,
    "recall_by_item": 0.08823529411764706,
    "f1_by_item": 0.15789473684210525,
    "msg": "   movie_exact_match  releasedate_exact_match  usboxoffice(dollar)_number_near  worldwideboxoffice(dollar)_number_near\n0                1.0                      1.0                              1.0                                     1.0\n1                1.0                      1.0                              0.0                                     1.0\n2                1.0                      1.0                              0.0                                     1.0\n3                1.0                      1.0                              0.0                                     0.0"
}