{
    "instance_id": "ws_en_096",
    "score": 0.0,
    "precision_by_row": 0.0,
    "recall_by_row": 0.0,
    "f1_by_row": 0.0,
    "precision_by_item": 0.3434343434343434,
    "recall_by_item": 0.2698412698412698,
    "f1_by_item": 0.3022222222222222,
    "msg": "   cameramodel_exact_match  effectivepixels_llm_judge  weight_number_near  maximumframespersecond_exact_match  shutterspeedrange_llm_judge  highestnumberoffocuspoints_llm_judge  digitalimageprocessor_llm_judge  isorange_llm_judge  in-cameravibrationreductiontechnology_llm_judge\n0                      1.0                          1                 0.0                                 0.0                            0                                     0                                1                   0                                                0\n1                      1.0                          1                 0.0                                 0.0                            0                                     0                                1                   0                                                0\n2                      1.0                          1                 0.0                                 0.0                            0                                     0                                0                   0                                                0\n3                      1.0                          1                 0.0                                 0.0                            0                                     0                                0                   0                                                0\n4                      1.0                          1                 0.0                                 0.0                            0                                     0                                1                   1                                                0\n5                      1.0                          1                 0.0                                 0.0                            0                                     0                                0                   1                                                0\n6                      1.0                          1                 0.0                                 0.0                            0                                     0                                1                   1                                                0\n7                      1.0                          1                 0.0                                 0.0                            0                                     0                                0                   1                                                0\n8                      1.0                          1                 0.0                                 0.0                            0                                     1                                1                   1                                                0\n9                      1.0                          1                 1.0                                 0.0                            1                                     0                                1                   0                                                0"
}