{
    "instance_id": "ws_zh_005",
    "score": 0.0,
    "precision_by_row": 0.0,
    "recall_by_row": 0.0,
    "f1_by_row": 0.0,
    "precision_by_item": 0.07457627118644068,
    "recall_by_item": 0.07333333333333333,
    "f1_by_item": 0.07394957983193277,
    "msg": "   年份_exact_match  姓名_exact_match  党派_exact_match  民众票数_number_near  团票数_exact_match\n0             1.0             1.0             0.0               1.0              1.0\n1             1.0             1.0             0.0               1.0              1.0\n2             1.0             1.0             0.0               1.0              1.0\n3             1.0             1.0             0.0               1.0              1.0\n4             1.0             1.0             0.0               0.0              1.0\n5             1.0             1.0             0.0               0.0              1.0"
}