{
    "instance_id": "ws_zh_057",
    "score": 0.0,
    "precision_by_row": 0.0,
    "recall_by_row": 0.0,
    "f1_by_row": 0.0,
    "precision_by_item": 0.13333333333333333,
    "recall_by_item": 0.014814814814814815,
    "f1_by_item": 0.02666666666666667,
    "msg": "   法规名称_exact_match  制定机关_llm_judge  时效性_exact_match  公布日期_llm_judge  共几章几条_llm_judge\n0               1.0               0              1.0               0                0"
}