{
    "instance_id": "ws_zh_029",
    "score": 0.0,
    "precision_by_row": 1.0,
    "recall_by_row": 0.1,
    "f1_by_row": 0.18181818181818182,
    "precision_by_item": 1.0,
    "recall_by_item": 0.1,
    "f1_by_item": 0.18181818181818182,
    "msg": "   书名_exact_match  作者_llm_judge  出版时间_date_near\n0             1.0             1             1.0\n1             1.0             1             1.0\n2             1.0             1             1.0\n3             1.0             1             1.0\n4             1.0             1             1.0"
}