{
    "instance_id": "ws_zh_006",
    "score": 0.0,
    "precision_by_row": 0.5714285714285714,
    "recall_by_row": 0.014035087719298246,
    "f1_by_row": 0.0273972602739726,
    "precision_by_item": 0.6904761904761905,
    "recall_by_item": 0.01695906432748538,
    "f1_by_item": 0.03310502283105022,
    "msg": "   品牌_exact_match  产品系列_llm_judge  产品名称_exact_match  香型_exact_match  规格(/瓶)_llm_judge  酒精度_llm_judge\n0             1.0               1               1.0             1.0                 1              1\n1             1.0               1               1.0             1.0                 1              1\n2             1.0               1               1.0             1.0                 1              1\n3             1.0               1               1.0             1.0                 1              0\n4             1.0               1               1.0             1.0                 1              1"
}