{
    "instance_id": "ws_en_051",
    "score": 0.0,
    "precision_by_row": 0.0,
    "recall_by_row": 0.0,
    "f1_by_row": 0.0,
    "precision_by_item": 0.3469387755102041,
    "recall_by_item": 0.1457142857142857,
    "f1_by_item": 0.20523138832997986,
    "msg": "    highschool_exact_match  states_llm_judge  stemhighschoolsranking_exact_match  nationalrankings_exact_match  staterankings_llm_judge  servedgrades_llm_judge  apcourses_number_near\n0                      1.0                 1                                 1.0                           0.0                        1                       1                    0.0\n1                      1.0                 1                                 0.0                           0.0                        0                       0                    0.0\n2                      1.0                 1                                 0.0                           0.0                        0                       0                    0.0\n3                      1.0                 0                                 0.0                           0.0                        0                       1                    0.0\n4                      1.0                 0                                 0.0                           0.0                        0                       1                    0.0\n5                      1.0                 0                                 0.0                           0.0                        0                       1                    0.0\n6                      1.0                 1                                 0.0                           0.0                        0                       1                    0.0\n7                      1.0                 1                                 0.0                           0.0                        0                       1                    0.0\n8                      1.0                 0                                 0.0                           0.0                        0                       1                    0.0\n9                      1.0                 0                                 0.0                           0.0                        0                       1                    0.0\n10                     1.0                 0                                 0.0                           1.0                        0                       1                    0.0\n11                     1.0                 0                                 0.0                           0.0                        0                       1                    0.0\n12                     1.0                 0                                 0.0                           0.0                        0                       1                    0.0\n13                     1.0                 0                                 0.0                           0.0                        0                       1                    0.0\n14                     1.0                 0                                 0.0                           0.0                        0                       1                    0.0\n15                     1.0                 0                                 0.0                           0.0                        0                       1                    0.0\n16                     1.0                 0                                 0.0                           0.0                        0                       1                    0.0\n17                     1.0                 0                                 0.0                           0.0                        0                       1                    0.0\n18                     1.0                 1                                 0.0                           0.0                        0                       1                    0.0\n19                     1.0                 1                                 0.0                           0.0                        0                       1                    0.0\n20                     1.0                 1                                 0.0                           0.0                        0                       1                    0.0"
}