{
    "instance_id": "ws_zh_001",
    "score": 0.0,
    "precision_by_row": 0.1,
    "recall_by_row": 0.04,
    "f1_by_row": 0.05714285714285714,
    "precision_by_item": 0.425,
    "recall_by_item": 0.17,
    "f1_by_item": 0.2428571428571429,
    "msg": "    年份_exact_match  国家_exact_match  电影名_exact_match  导演_llm_judge  本国累计票房收益_number_near  电影类型_llm_judge\n0              0.0             1.0              1.0             1                   1.0               1\n1              1.0             1.0              1.0             1                   1.0               1\n2              1.0             1.0              1.0             1                   0.0               1\n3              1.0             1.0              1.0             1                   1.0               1\n4              1.0             1.0              1.0             0                   0.0               1\n5              0.0             1.0              1.0             1                   0.0               0\n6              1.0             1.0              1.0             1                   0.0               1\n7              1.0             1.0              1.0             0                   0.0               1\n8              1.0             1.0              1.0             0                   1.0               1\n9              0.0             1.0              1.0             0                   1.0               1\n10             0.0             1.0              1.0             0                   1.0               1"
}