{
    "instance_id": "ws_zh_018",
    "score": 0.0,
    "precision_by_row": 0.0,
    "recall_by_row": 0.0,
    "f1_by_row": 0.0,
    "precision_by_item": 0.32941176470588235,
    "recall_by_item": 0.09655172413793103,
    "f1_by_item": 0.14933333333333332,
    "msg": "   医疗机构名称_exact_match  机构地址_llm_judge  医疗机构等级_llm_judge  联系电话_llm_judge  准入技术_exact_match\n0                 1.0               1                 1               0               1.0\n1                 1.0               0                 1               0               1.0\n2                 1.0               0                 1               0               1.0\n3                 1.0               1                 1               0               1.0\n4                 1.0               0                 1               0               1.0\n5                 1.0               1                 1               0               1.0\n6                 1.0               1                 1               0               1.0\n7                 1.0               0                 1               0               1.0"
}