{
    "instance_id": "ws_zh_004",
    "score": 0.0,
    "precision_by_row": 0.0,
    "recall_by_row": 0.0,
    "f1_by_row": 0.0,
    "precision_by_item": 0.3888888888888889,
    "recall_by_item": 0.058333333333333334,
    "f1_by_item": 0.10144927536231885,
    "msg": "   年度_exact_match  排名_exact_match  姓名（中文）_llm_judge  姓名（英文）_llm_judge  财富值（亿美元）_number_near  财富来源_llm_judge\n0             1.0             1.0                 0                 0                   0.0               0\n1             1.0             1.0                 0                 0                   0.0               0\n2             1.0             1.0                 0                 0                   0.0               0\n3             1.0             1.0                 0                 0                   0.0               0\n4             1.0             1.0                 0                 0                   0.0               0\n5             1.0             1.0                 0                 0                   0.0               0\n6             1.0             1.0                 1                 1                   0.0               1\n7             1.0             1.0                 0                 0                   0.0               0\n8             1.0             1.0                 0                 0                   0.0               0"
}