{
    "instance_id": "ws_zh_052",
    "score": 0.0,
    "precision_by_row": 0.5,
    "recall_by_row": 0.04597701149425287,
    "f1_by_row": 0.08421052631578949,
    "precision_by_item": 0.825,
    "recall_by_item": 0.07586206896551724,
    "f1_by_item": 0.1389473684210526,
    "msg": "   医院名称_llm_judge  区域_llm_judge  具体地址_exact_match  成立年份_number_near  医疗等级_llm_judge\n0               1             1               1.0               1.0               1\n1               0             1               1.0               0.0               1\n2               1             1               1.0               1.0               1\n3               1             1               1.0               1.0               0\n4               1             1               1.0               1.0               1\n5               1             1               1.0               1.0               1\n6               0             1               1.0               0.0               1\n7               0             1               1.0               0.0               1"
}