{
    "instance_id": "ws_en_092",
    "score": 0.0,
    "precision_by_row": 0.0,
    "recall_by_row": 0.0,
    "f1_by_row": 0.0,
    "precision_by_item": 0.6666666666666666,
    "recall_by_item": 0.0851063829787234,
    "f1_by_item": 0.1509433962264151,
    "msg": "   companyname_exact_match  debutyear_exact_match  officialgroupname(english)_exact_match  firstwinsong_llm_judge  firstwindate_exact_match\n0                      1.0                    0.0                                     1.0                       1                       0.0\n1                      1.0                    1.0                                     1.0                       0                       0.0\n2                      1.0                    1.0                                     1.0                       0                       0.0\n3                      1.0                    1.0                                     1.0                       1                       0.0\n4                      1.0                    1.0                                     1.0                       0                       0.0\n5                      1.0                    1.0                                     1.0                       1                       0.0"
}