{
    "instance_id": "ws_en_050",
    "score": 0.0,
    "precision_by_row": 0.0,
    "recall_by_row": 0.0,
    "f1_by_row": 0.0,
    "precision_by_item": 0.5679012345679012,
    "recall_by_item": 0.40350877192982454,
    "f1_by_item": 0.47179487179487173,
    "msg": "    country_exact_match  shareofwomenseats1995(%)_number_near  totalseats1995_number_near  shareofwomenseats2005(%)_number_near  totalseats2005_number_near  shareofwomenseats2015(%)_number_near  totalseats2015_number_near  shareofwomenseats2024(%)_number_near  totalseats2024_number_near\n0                   1.0                                   0.0                         1.0                                   0.0                         1.0                                   0.0                         1.0                                   1.0                         1.0\n1                   1.0                                   0.0                         1.0                                   0.0                         1.0                                   0.0                         1.0                                   0.0                         1.0\n2                   1.0                                   0.0                         1.0                                   0.0                         1.0                                   0.0                         1.0                                   0.0                         1.0\n3                   1.0                                   0.0                         0.0                                   1.0                         0.0                                   0.0                         1.0                                   0.0                         1.0\n4                   1.0                                   0.0                         1.0                                   0.0                         1.0                                   0.0                         1.0                                   0.0                         1.0\n5                   1.0                                   0.0                         1.0                                   0.0                         1.0                                   0.0                         1.0                                   0.0                         1.0\n6                   1.0                                   1.0                         0.0                                   0.0                         0.0                                   0.0                         1.0                                   1.0                         1.0\n7                   1.0                                   0.0                         1.0                                   0.0                         1.0                                   1.0                         1.0                                   1.0                         1.0\n8                   1.0                                   0.0                         1.0                                   1.0                         1.0                                   1.0                         1.0                                   0.0                         1.0\n9                   1.0                                   0.0                         0.0                                   0.0                         1.0                                   0.0                         1.0                                   1.0                         0.0\n10                  1.0                                   1.0                         0.0                                   1.0                         1.0                                   0.0                         0.0                                   0.0                         0.0\n11                  1.0                                   0.0                         1.0                                   0.0                         1.0                                   1.0                         1.0                                   0.0                         1.0\n12                  1.0                                   0.0                         1.0                                   0.0                         1.0                                   0.0                         1.0                                   1.0                         0.0\n13                  1.0                                   0.0                         0.0                                   0.0                         1.0                                   0.0                         1.0                                   0.0                         1.0\n14                  1.0                                   1.0                         0.0                                   0.0                         1.0                                   0.0                         1.0                                   0.0                         1.0\n15                  1.0                                   1.0                         0.0                                   0.0                         0.0                                   0.0                         0.0                                   0.0                         1.0\n16                  1.0                                   1.0                         0.0                                   0.0                         0.0                                   0.0                         0.0                                   0.0                         1.0\n17                  1.0                                   0.0                         1.0                                   0.0                         1.0                                   0.0                         1.0                                   0.0                         1.0\n18                  1.0                                   0.0                         0.0                                   0.0                         1.0                                   0.0                         1.0                                   0.0                         1.0\n19                  1.0                                   0.0                         1.0                                   1.0                         1.0                                   1.0                         1.0                                   1.0                         1.0\n20                  1.0                                   0.0                         1.0                                   0.0                         1.0                                   0.0                         1.0                                   0.0                         1.0\n21                  1.0                                   1.0                         0.0                                   0.0                         1.0                                   0.0                         1.0                                   1.0                         1.0\n22                  1.0                                   1.0                         0.0                                   0.0                         0.0                                   0.0                         1.0                                   1.0                         1.0\n23                  1.0                                   0.0                         1.0                                   0.0                         1.0                                   0.0                         1.0                                   0.0                         1.0\n24                  1.0                                   0.0                         1.0                                   1.0                         1.0                                   1.0                         1.0                                   1.0                         1.0\n25                  1.0                                   0.0                         1.0                                   0.0                         1.0                                   1.0                         