{
    "instance_id": "ws_en_037",
    "score": 0.0,
    "precision_by_row": 0.2857142857142857,
    "recall_by_row": 0.15384615384615385,
    "f1_by_row": 0.2,
    "precision_by_item": 0.7619047619047619,
    "recall_by_item": 0.41025641025641024,
    "f1_by_item": 0.5333333333333333,
    "msg": "   season_llm_judge  couplemarriedattheshow_exact_match  status_exact_match\n0                 1                                 1.0                 1.0\n1                 1                                 1.0                 0.0\n2                 1                                 1.0                 0.0\n3                 1                                 1.0                 1.0\n4                 1                                 1.0                 0.0\n5                 1                                 1.0                 0.0\n6                 1                                 1.0                 0.0"
}