{
    "instance_id": "ws_en_050",
    "score": 0.0,
    "precision_by_row": 0.0,
    "recall_by_row": 0.0,
    "f1_by_row": 0.0,
    "precision_by_item": 0.5777777777777777,
    "recall_by_item": 0.07602339181286549,
    "f1_by_item": 0.1343669250645995,
    "msg": "   country_exact_match  shareofwomenseats1995(%)_number_near  totalseats1995_number_near  shareofwomenseats2005(%)_number_near  totalseats2005_number_near  shareofwomenseats2015(%)_number_near  totalseats2015_number_near  shareofwomenseats2024(%)_number_near  totalseats2024_number_near\n0                  1.0                                   0.0                         1.0                                   0.0                         1.0                                   0.0                         1.0                                   0.0                         1.0\n1                  1.0                                   1.0                         1.0                                   0.0                         1.0                                   0.0                         1.0                                   0.0                         1.0\n2                  1.0                                   0.0                         1.0                                   1.0                         1.0                                   1.0                         1.0                                   1.0                         1.0\n3                  1.0                                   0.0                         0.0                                   0.0                         0.0                                   1.0                         1.0                                   1.0                         1.0\n4                  1.0                                   0.0                         0.0                                   0.0                         0.0                                   0.0                         0.0                                   0.0                         1.0"
}