{
    "instance_id": "ws_en_021",
    "score": 0.0,
    "precision_by_row": 0.75,
    "recall_by_row": 0.3,
    "f1_by_row": 0.4285714285714285,
    "precision_by_item": 0.9166666666666666,
    "recall_by_item": 0.36666666666666664,
    "f1_by_item": 0.5238095238095238,
    "msg": "   restaurant_exact_match  maincuisinestyle_llm_judge  address_llm_judge\n0                     1.0                           1                  1\n1                     1.0                           1                  1\n2                     1.0                           1                  1\n3                     1.0                           1                  0"
}