{
    "instance_id": "ws_en_015",
    "score": 0.0,
    "precision_by_row": 0.0,
    "recall_by_row": 0.0,
    "f1_by_row": 0.0,
    "precision_by_item": 0.29545454545454547,
    "recall_by_item": 0.065,
    "f1_by_item": 0.10655737704918034,
    "msg": "   rank_exact_match  companyname_llm_judge  numberofmanagedunitsin2024_number_near  companyestablishmenttime_exact_match\n0               1.0                      1                                     0.0                                   0.0\n1               1.0                      1                                     0.0                                   0.0\n2               1.0                      0                                     0.0                                   0.0\n3               1.0                      0                                     0.0                                   0.0\n4               1.0                      1                                     0.0                                   0.0\n5               1.0                      0                                     0.0                                   0.0\n6               1.0                      0                                     0.0                                   0.0\n7               1.0                      0                                     0.0                                   0.0\n8               1.0                      0                                     0.0                                   0.0\n9               1.0                      0                                     0.0                                   0.0"
}