{
    "instance_id": "ws_en_087",
    "score": 0.0,
    "precision_by_row": 0.0,
    "recall_by_row": 0.0,
    "f1_by_row": 0.0,
    "precision_by_item": 0.6875,
    "recall_by_item": 0.10576923076923077,
    "f1_by_item": 0.18333333333333335,
    "msg": "   country_exact_match  capitalcity_llm_judge  surfacearea(km²)_number_near  populationdensity(people/km²oflandarea)_number_near  totalpopulation(thousands)_number_near  merchandisetrade(%ofgdp)_number_near\n0                  1.0                      1                           1.0                                                  0.0                                     1.0                                   0.0\n1                  1.0                      1                           1.0                                                  0.0                                     1.0                                   0.0\n2                  1.0                      1                           1.0                                                  1.0                                     1.0                                   0.0\n3                  1.0                      1                           1.0                                                  0.0                                     1.0                                   0.0\n4                  1.0                      1                           1.0                                                  0.0                                     1.0                                   0.0\n5                  1.0                      1                           1.0                                                  0.0                                     1.0                                   0.0\n6                  1.0                      1                           1.0                                                  0.0                                     0.0                                   0.0\n7                  1.0                      1                           1.0                                                  0.0                                     1.0                                   1.0"
}