{
    "instance_id": "ws_en_029",
    "score": 0.0,
    "precision_by_row": 0.3157894736842105,
    "recall_by_row": 0.17647058823529413,
    "f1_by_row": 0.22641509433962262,
    "precision_by_item": 0.7368421052631579,
    "recall_by_item": 0.4117647058823529,
    "f1_by_item": 0.5283018867924528,
    "msg": "    movie_exact_match  releasedate_exact_match  usboxoffice(dollar)_number_near  worldwideboxoffice(dollar)_number_near\n0                 1.0                      0.0                              0.0                                     1.0\n1                 1.0                      1.0                              0.0                                     0.0\n2                 1.0                      0.0                              1.0                                     1.0\n3                 1.0                      1.0                              0.0                                     0.0\n4                 1.0                      0.0                              0.0                                     0.0\n5                 1.0                      1.0                              1.0                                     1.0\n6                 1.0                      0.0                              1.0                                     1.0\n7                 1.0                      1.0                              0.0                                     1.0\n8                 1.0                      1.0                              0.0                                     1.0\n9                 1.0                      1.0                              1.0                                     1.0\n10                1.0                      1.0                              0.0                                     1.0\n11                1.0                      0.0                              0.0                                     0.0\n12                1.0                      1.0                              1.0                                     1.0\n13                1.0                      1.0                              1.0                                     1.0\n14                1.0                      1.0                              0.0                                     1.0\n15                1.0                      1.0                              1.0                                     1.0\n16                1.0                      1.0                              0.0                                     1.0\n17                1.0                      1.0                              0.0                                     1.0\n18                1.0                      1.0                              1.0                                     1.0"
}