{
    "instance_id": "ws_zh_020",
    "score": 0.0,
    "precision_by_row": 0.25,
    "recall_by_row": 0.04932735426008968,
    "f1_by_row": 0.08239700374531836,
    "precision_by_item": 0.3106060606060606,
    "recall_by_item": 0.061285500747384154,
    "f1_by_item": 0.10237203495630462,
    "msg": "    年度_exact_match  感动中国年度人物_exact_match  颁奖辞_llm_judge\n0              1.0                   1.0              1\n1              1.0                   1.0              1\n2              1.0                   1.0              1\n3              1.0                   1.0              1\n4              1.0                   1.0              1\n5              1.0                   1.0              1\n6              1.0                   1.0              1\n7              1.0                   1.0              1\n8              1.0                   1.0              1\n9              1.0                   1.0              0\n10             1.0                   1.0              1\n11             1.0                   1.0              0\n12             1.0                   1.0              1\n13             1.0                   1.0              0\n14             1.0                   1.0              0"
}