{
    "instance_id": "ws_zh_093",
    "score": 0.0,
    "precision_by_row": 0.0,
    "recall_by_row": 0.0,
    "f1_by_row": 0.0,
    "precision_by_item": 0.0024752475247524753,
    "recall_by_item": 0.004310344827586207,
    "f1_by_item": 0.003144654088050314,
    "msg": "   学校名称_exact_match  创办时间_llm_judge  校训_llm_judge  详细地址_llm_judge\n0               1.0               0             0               0"
}