{
    "instance_id": "ws_zh_058",
    "score": 0.0,
    "precision_by_row": 0.043478260869565216,
    "recall_by_row": 0.09523809523809523,
    "f1_by_row": 0.059701492537313425,
    "precision_by_item": 0.07608695652173914,
    "recall_by_item": 0.16666666666666666,
    "f1_by_item": 0.10447761194029852,
    "msg": "   列入年份_exact_match  世界遗产名称_exact_match  所在省份（直辖市/自治区）_llm_judge  遗产类别_llm_judge\n0               1.0                 1.0                        1               1\n1               1.0                 1.0                        0               1\n2               1.0                 1.0                        1               1\n3               1.0                 1.0                        0               1"
}