{
    "instance_id": "ws_zh_093",
    "score": 0.0,
    "precision_by_row": 0.3333333333333333,
    "recall_by_row": 0.017241379310344827,
    "f1_by_row": 0.03278688524590164,
    "precision_by_item": 0.5833333333333334,
    "recall_by_item": 0.03017241379310345,
    "f1_by_item": 0.05737704918032788,
    "msg": "   学校名称_exact_match  创办时间_llm_judge  校训_llm_judge  详细地址_llm_judge\n0               1.0               1             1               1\n1               1.0               0             0               0\n2               1.0               0             1               0"
}