{
    "instance_id": "ws_en_074",
    "score": 0.0,
    "precision_by_row": 0.3333333333333333,
    "recall_by_row": 0.041666666666666664,
    "f1_by_row": 0.07407407407407407,
    "precision_by_item": 0.7619047619047619,
    "recall_by_item": 0.09523809523809523,
    "f1_by_item": 0.1693121693121693,
    "msg": "   year_exact_match  country_exact_match  party_exact_match  partypresident_llm_judge  popularvote_number_near  voteshare(%)_number_near  winningparty/bloc_llm_judge\n0               1.0                  1.0                1.0                         0                      0.0                       0.0                            1\n1               1.0                  1.0                1.0                         1                      1.0                       1.0                            1\n2               1.0                  1.0                1.0                         0                      0.0                       1.0                            1"
}