{
    "instance_id": "ws_en_041",
    "score": 0.0,
    "precision_by_row": 0.0,
    "recall_by_row": 0.0,
    "f1_by_row": 0.0,
    "precision_by_item": 0.41025641025641024,
    "recall_by_item": 0.0730593607305936,
    "f1_by_item": 0.12403100775193797,
    "msg": "   award_exact_match  awardyear_exact_match  genre_exact_match  booktitle_exact_match  author_llm_judge  nationality_exact_match\n0                1.0                    1.0                1.0                    1.0                 1                      0.0\n1                1.0                    1.0                0.0                    1.0                 0                      0.0\n2                1.0                    1.0                1.0                    1.0                 0                      0.0\n3                1.0                    1.0                0.0                    1.0                 1                      0.0\n4                1.0                    1.0                0.0                    1.0                 0                      0.0\n5                1.0                    1.0                1.0                    1.0                 1                      0.0\n6                1.0                    1.0                0.0                    1.0                 1                      0.0\n7                1.0                    1.0                0.0                    1.0                 1                      0.0"
}