{
    "instance_id": "ws_zh_001",
    "score": 0.0,
    "precision_by_row": 0.2,
    "recall_by_row": 0.04,
    "f1_by_row": 0.06666666666666667,
    "precision_by_item": 0.6333333333333333,
    "recall_by_item": 0.12666666666666668,
    "f1_by_item": 0.2111111111111111,
    "msg": "   年份_exact_match  国家_exact_match  电影名_exact_match  导演_llm_judge  本国累计票房收益_number_near  电影类型_llm_judge\n0             1.0             1.0              1.0             0                   0.0               0\n1             1.0             1.0              1.0             0                   1.0               1\n2             1.0             1.0              1.0             0                   0.0               1\n3             1.0             1.0              1.0             1                   1.0               1\n4             1.0             1.0              1.0             0                   1.0               1\n5             1.0             1.0              1.0             1                   0.0               1\n6             1.0             1.0              1.0             1                   1.0               1\n7             1.0             1.0              1.0             0                   0.0               1"
}