{
    "instance_id": "ws_zh_056",
    "score": 0.0,
    "precision_by_row": 0.16666666666666666,
    "recall_by_row": 0.0625,
    "f1_by_row": 0.09090909090909091,
    "precision_by_item": 0.2916666666666667,
    "recall_by_item": 0.109375,
    "f1_by_item": 0.15909090909090912,
    "msg": "   学校名称_llm_judge  院士姓名_exact_match  出生年份_number_near  获得奖项_llm_judge\n0               1               1.0               1.0               1\n1               1               1.0               1.0               0"
}