{
    "instance_id": "ws_zh_013",
    "score": 0.0,
    "precision_by_row": 0.06666666666666667,
    "recall_by_row": 0.008064516129032258,
    "f1_by_row": 0.014388489208633093,
    "precision_by_item": 0.5666666666666667,
    "recall_by_item": 0.06854838709677419,
    "f1_by_item": 0.12230215827338128,
    "msg": "    届数_exact_match  奖项名称_exact_match  获奖歌曲/专辑_llm_judge  演唱者_llm_judge\n0              1.0               1.0                  0              1\n1              1.0               1.0                  1              1\n2              1.0               1.0                  0              0\n3              1.0               1.0                  0              0\n4              1.0               1.0                  0              0\n5              1.0               1.0                  0              0\n6              1.0               1.0                  0              0\n7              1.0               1.0                  0              0\n8              1.0               1.0                  0              0\n9              1.0               1.0                  0              1\n10             1.0               1.0                  0              0\n11             1.0               1.0                  0              0\n12             1.0               1.0                  0              0\n13             1.0               1.0                  0              0\n14             1.0               1.0                  0              0"
}