{
    "instance_id": "ws_en_059",
    "score": 0.0,
    "precision_by_row": 0.0,
    "recall_by_row": 0.0,
    "f1_by_row": 0.0,
    "precision_by_item": 0.6590909090909091,
    "recall_by_item": 0.34523809523809523,
    "f1_by_item": 0.45312499999999994,
    "msg": "    awardyear_exact_match  laureate_exact_match  talktitle_llm_judge  eventcity_llm_judge\n0                     1.0                   1.0                    1                    0\n1                     1.0                   1.0                    0                    0\n2                     1.0                   1.0                    1                    0\n3                     0.0                   1.0                    1                    0\n4                     0.0                   1.0                    1                    0\n5                     1.0                   1.0                    1                    0\n6                     1.0                   1.0                    1                    0\n7                     1.0                   1.0                    0                    1\n8                     1.0                   1.0                    1                    0\n9                     1.0                   1.0                    0                    0\n10                    1.0                   1.0                    1                    0"
}