{
    "instance_id": "ws_zh_029",
    "score": 0.0,
    "precision_by_row": 0.75,
    "recall_by_row": 0.06,
    "f1_by_row": 0.1111111111111111,
    "precision_by_item": 0.75,
    "recall_by_item": 0.06,
    "f1_by_item": 0.1111111111111111,
    "msg": "   书名_exact_match  作者_llm_judge  出版时间_date_near\n0             1.0             1             1.0\n1             1.0             1             1.0\n2             1.0             1             1.0"
}