{
    "instance_id": "ws_en_069",
    "score": 0.0,
    "precision_by_row": 0.0,
    "recall_by_row": 0.0,
    "f1_by_row": 0.0,
    "precision_by_item": 0.49230769230769234,
    "recall_by_item": 0.256,
    "f1_by_item": 0.33684210526315794,
    "msg": "   year_exact_match  film_exact_match  director_llm_judge  lifetimegrossindomesticboxoffice(usdbillion)_number_near  genre_llm_judge\n0               1.0               1.0                   1                                                       0.0                1\n1               1.0               1.0                   1                                                       0.0                1\n2               1.0               1.0                   1                                                       0.0                1\n3               0.0               1.0                   1                                                       0.0                1\n4               0.0               1.0                   1                                                       0.0                1\n5               1.0               1.0                   1                                                       0.0                1\n6               1.0               1.0                   1                                                       0.0                1\n7               1.0               1.0                   1                                                       0.0                1\n8               1.0               1.0                   0                                                       0.0                0"
}