{
    "instance_id": "ws_en_033",
    "score": 0.0,
    "precision_by_row": 0.0,
    "recall_by_row": 0.0,
    "f1_by_row": 0.0,
    "precision_by_item": 0.43333333333333335,
    "recall_by_item": 0.08666666666666667,
    "f1_by_item": 0.14444444444444446,
    "msg": "   company_exact_match  year_exact_match  totalrevenue(billion)_number_near  operatingprofit(billion)_number_near  operatingprofitmargin_number_near  fcf(billion)_number_near\n0                  1.0               1.0                                1.0                                   0.0                                0.0                       0.0\n1                  1.0               1.0                                1.0                                   0.0                                0.0                       0.0\n2                  1.0               1.0                                1.0                                   0.0                                0.0                       0.0\n3                  1.0               1.0                                0.0                                   0.0                                0.0                       0.0\n4                  1.0               1.0                                0.0                                   0.0                                0.0                       0.0"
}