{
    "instance_id": "ws_en_004",
    "score": 0.0,
    "precision_by_row": 0.0,
    "recall_by_row": 0.0,
    "f1_by_row": 0.0,
    "precision_by_item": 0.7047619047619048,
    "recall_by_item": 0.6218487394957983,
    "f1_by_item": 0.6607142857142857,
    "msg": "    modelname_llm_judge  releasedate_exact_match  pre-installedos_llm_judge  processorbrand_exact_match  cpumodel_llm_judge  cpumanufacturingprocess_exact_match  cpucorecount_exact_match  screensize_llm_judge  resolution_llm_judge  batterycapacity_exact_match  ramsize_exact_match  storagesize_exact_match  highestcameraresolution_exact_match  launchprice(usd)_number_near\n0                     1                      1.0                          1                         0.0                   0                                  0.0                       0.0                     1                     0                          1.0                  1.0                      0.0                                  1.0                           0.0\n1                     1                      1.0                          1                         0.0                   0                                  0.0                       0.0                     1                     0                          0.0                  0.0                      0.0                                  1.0                           1.0\n2                     1                      1.0                          1                         1.0                   1                                  1.0                       1.0                     0                     1                          1.0                  1.0                      0.0                                  1.0                           0.0\n3                     1                      1.0                          1                         1.0                   1                                  1.0                       1.0                     1                     0                          1.0                  1.0                      0.0                                  1.0                           0.0\n4                     1                      1.0                          1                         1.0                   1                                  1.0                       1.0                     1                     1                          1.0                  0.0                      0.0                                  1.0                           1.0\n5                     1                      1.0                          1                         1.0                   1                                  1.0                       1.0                     1                     0                          1.0                  1.0                      0.0                                  1.0                           0.0\n6                     1                      1.0                          1                         1.0                   1                                  1.0                       1.0                     1                     1                          1.0                  1.0                      0.0                                  1.0                           1.0\n7                     1                      1.0                          1                         1.0                   1                                  1.0                       1.0                     1                     1                          1.0                  0.0                      0.0                                  1.0                           0.0\n8                     1                      1.0                          1                         1.0                   1                                  1.0                       1.0                     1                     1                          1.0                  1.0                      0.0                                  0.0                           0.0\n9                     1                      1.0                          1                         1.0                   1                                  1.0                       1.0                     1                     0                          1.0                  0.0                      1.0                                  0.0                           0.0\n10                    1                      1.0                          1                         1.0                   1                                  1.0                       1.0                     1                     0                          1.0                  0.0                      0.0                                  0.0                           1.0\n11                    0                      1.0                          1                         1.0                   0                                  0.0                       1.0                     0                     0                          1.0                  0.0                      1.0                                  0.0                           0.0\n12                    1                      1.0                          1                         1.0                   1                                  1.0                       1.0                     1                     1                          1.0                  0.0                      0.0                                  0.0                           1.0\n13                    1                      1.0                          1                         1.0                   1                                  1.0                       1.0                     1                     0                          0.0                  0.0                      0.0                                  0.0                           1.0\n14                    1                      1.0                          1                         1.0                   1                                  1.0                       1.0                     1                     0                          0.0                  0.0                      0.0                                  0.0                           1.0"
}