{
    "instance_id": "ws_zh_031",
    "score": 0.0,
    "precision_by_row": 0.2857142857142857,
    "recall_by_row": 0.1111111111111111,
    "f1_by_row": 0.16,
    "precision_by_item": 0.39285714285714285,
    "recall_by_item": 0.1527777777777778,
    "f1_by_item": 0.21999999999999997,
    "msg": "   奥运会名称_exact_match  国家_exact_match  金牌数量_exact_match  夺冠项目_llm_judge\n0                1.0             1.0               1.0               1\n1                1.0             1.0               1.0               1\n2                1.0             1.0               0.0               1"
}