{
    "instance_id": "ws_zh_023",
    "score": 0.0,
    "precision_by_row": 0.5,
    "recall_by_row": 0.037037037037037035,
    "f1_by_row": 0.06896551724137931,
    "precision_by_item": 0.875,
    "recall_by_item": 0.06481481481481481,
    "f1_by_item": 0.12068965517241378,
    "msg": "   获奖年份_exact_match  姓名_exact_match  出版作品名称_exact_match  首次出版年份_exact_match\n0               1.0             1.0                 1.0                 1.0\n1               1.0             1.0                 1.0                 0.0\n2               1.0             1.0                 1.0                 1.0\n3               0.0             1.0                 1.0                 1.0"
}