{
    "instance_id": "ws_en_075",
    "score": 0.0,
    "precision_by_row": 0.06060606060606061,
    "recall_by_row": 0.016,
    "f1_by_row": 0.025316455696202535,
    "precision_by_item": 0.06060606060606061,
    "recall_by_item": 0.016,
    "f1_by_item": 0.025316455696202535,
    "msg": "   annual_exact_match  awardcategory_exact_match  winningsong/album_exact_match  performer(s)_llm_judge\n0                 1.0                        1.0                            1.0                       1\n1                 1.0                        1.0                            1.0                       1"
}