{
    "instance_id": "ws_en_078",
    "score": 0.0,
    "precision_by_row": 0.8,
    "recall_by_row": 0.07407407407407407,
    "f1_by_row": 0.13559322033898305,
    "precision_by_item": 0.95,
    "recall_by_item": 0.08796296296296297,
    "f1_by_item": 0.16101694915254236,
    "msg": "   awardyear_exact_match  name_llm_judge  publishedwork_exact_match  yearoffirstpublication_exact_match\n0                    1.0               1                        1.0                                 1.0\n1                    1.0               1                        1.0                                 0.0\n2                    1.0               1                        1.0                                 1.0\n3                    1.0               1                        1.0                                 1.0\n4                    1.0               1                        1.0                                 1.0"
}