{
    "instance_id": "ws_zh_052",
    "score": 0.0,
    "precision_by_row": 0.75,
    "recall_by_row": 0.034482758620689655,
    "f1_by_row": 0.06593406593406594,
    "precision_by_item": 0.9,
    "recall_by_item": 0.041379310344827586,
    "f1_by_item": 0.07912087912087913,
    "msg": "   医院名称_llm_judge  区域_llm_judge  具体地址_exact_match  成立年份_number_near  医疗等级_llm_judge\n0               1             1               1.0               1.0               1\n1               0             1               1.0               0.0               1\n2               1             1               1.0               1.0               1\n3               1             1               1.0               1.0               1"
}