{
    "instance_id": "ws_zh_063",
    "score": 0.0,
    "precision_by_row": 0.0,
    "recall_by_row": 0.0,
    "f1_by_row": 0.0,
    "precision_by_item": 0.4727272727272727,
    "recall_by_item": 0.14444444444444443,
    "f1_by_item": 0.22127659574468084,
    "msg": "   公司名称_llm_judge  出道年份_exact_match  团体英文名_exact_match  初一位时间_llm_judge  初一位歌曲名称_llm_judge\n0               1               0.0                1.0                0                  0\n1               1               0.0                1.0                0                  0\n2               1               0.0                1.0                0                  0\n3               1               0.0                1.0                1                  0\n4               1               0.0                1.0                1                  0\n5               1               0.0                1.0                0                  0\n6               1               1.0                1.0                0                  0\n7               1               0.0                1.0                1                  0\n8               1               0.0                1.0                0                  0\n9               1               0.0                1.0                1                  1"
}