{
    "instance_id": "ws_zh_054",
    "score": 0.0,
    "precision_by_row": 0.0,
    "recall_by_row": 0.0,
    "f1_by_row": 0.0,
    "precision_by_item": 0.3333333333333333,
    "recall_by_item": 0.06666666666666667,
    "f1_by_item": 0.1111111111111111,
    "msg": "   公司_exact_match  年度_exact_match  总收入（亿元）_number_near  经营盈利（亿元）_number_near  经营利润率_number_near  每股基本盈利（元）_number_near\n0             1.0             1.0                  0.0                   0.0                0.0                    0.0\n1             1.0             1.0                  0.0                   0.0                0.0                    0.0\n2             1.0             1.0                  0.0                   0.0                0.0                    0.0\n3             1.0             1.0                  0.0                   0.0                0.0                    0.0\n4             1.0             1.0                  0.0                   0.0                0.0                    0.0\n5             1.0             1.0                  0.0                   0.0                0.0                    0.0\n6             1.0             1.0                  0.0                   0.0                0.0                    0.0"
}