{
    "instance_id": "ws_en_002",
    "score": 0.0,
    "precision_by_row": 0.3333333333333333,
    "recall_by_row": 0.05263157894736842,
    "f1_by_row": 0.09090909090909091,
    "precision_by_item": 0.4722222222222222,
    "recall_by_item": 0.07456140350877193,
    "f1_by_item": 0.12878787878787876,
    "msg": "   brand_exact_match  product_exact_match  category_llm_judge  sub-category_llm_judge  packsize(bottle)_llm_judge  abv%_llm_judge\n0                1.0                  1.0                   0                       1                           1               1\n1                1.0                  1.0                   1                       1                           1               1\n2                1.0                  1.0                   1                       1                           1               1"
}