{
    "instance_id": "ws_en_007",
    "score": 0.0,
    "precision_by_row": 0.05555555555555555,
    "recall_by_row": 0.02702702702702703,
    "f1_by_row": 0.03636363636363636,
    "precision_by_item": 0.7828282828282829,
    "recall_by_item": 0.3808353808353808,
    "f1_by_item": 0.512396694214876,
    "msg": "    missionname_llm_judge  missiontype_llm_judge  crewnames_llm_judge  backupcrewnames_llm_judge  launchdate_exact_match  launchpad_llm_judge  landingdate_exact_match  landinglocation_llm_judge  vehicle_llm_judge  orbitduration_llm_judge  missionstatus_llm_judge\n0                       0                      1                    1                          1                     1.0                    1                      1.0                          1                  1                        0                        1\n1                       1                      1                    1                          1                     1.0                    1                      1.0                          1                  1                        1                        0\n2                       1                      1                    1                          1                     1.0                    1                      1.0                          1                  1                        1                        1\n3                       1                      1                    1                          1                     1.0                    1                      1.0                          0                  1                        0                        1\n4                       1                      1                    1                          1                     1.0                    1                      1.0                          0                  1                        1                        1\n5                       1                      1                    1                          0                     1.0                    1                      1.0                          0                  1                        0                        1\n6                       0                      0                    1                          0                     1.0                    1                      1.0                          1                  1                        0                        1\n7                       0                      0                    1                          0                     1.0                    1                      1.0                          1                  1                        1                        1\n8                       1                      1                    1                          0                     1.0                    1                      1.0                          1                  1                        0                        1\n9                       1                      1                    1                          1                     1.0                    1                      0.0                          1                  1                        0                        1\n10                      1                      1                    1                          0                     1.0                    1                      0.0                          1                  1                        1                        1\n11                      1                      1                    1                          0                     1.0                    1                      0.0                          1                  1                        1                        1\n12                      1                      1                    1                          1                     1.0                    1                      0.0                          1                  1                        1                        1\n13                      1                      1                    1                          1                     1.0                    1                      1.0                          1                  0                        0                        1\n14                      1                      1                    0                          0                     1.0                    1                      0.0                          0                  1                        0                        1\n15                      1                      1                    1                          0                     1.0                    1                      0.0                          1                  0                        0                        1\n16                      1                      1                    0                          0                     1.0                    1                      1.0                          1                  0                        0                        1\n17                      1                      1                    1                          0                     1.0                    1                      1.0                          1                  0                        0                        1"
}