{
    "instance_id": "ws_zh_020",
    "score": 0.0,
    "precision_by_row": 0.5806451612903226,
    "recall_by_row": 0.08071748878923767,
    "f1_by_row": 0.14173228346456693,
    "precision_by_item": 0.6881720430107527,
    "recall_by_item": 0.09566517189835576,
    "f1_by_item": 0.1679790026246719,
    "msg": "    年度_exact_match  感动中国年度人物_exact_match  颁奖辞_llm_judge\n0              1.0                   1.0              1\n1              1.0                   1.0              0\n2              1.0                   1.0              1\n3              1.0                   1.0              1\n4              1.0                   1.0              0\n5              1.0                   1.0              1\n6              1.0                   1.0              0\n7              1.0                   1.0              1\n8              1.0                   1.0              1\n9              1.0                   1.0              1\n10             1.0                   1.0              1\n11             1.0                   1.0              1\n12             1.0                   1.0              1\n13             1.0                   1.0              1\n14             1.0                   1.0              1\n15             1.0                   1.0              1\n16             1.0                   1.0              1\n17             1.0                   1.0              1\n18             1.0                   1.0              1\n19             1.0                   1.0              1\n20             1.0                   1.0              1\n21             1.0                   1.0              0\n22             1.0                   1.0              0"
}