{
    "instance_id": "ws_en_047",
    "score": 0.0,
    "precision_by_row": 0.0,
    "recall_by_row": 0.0,
    "f1_by_row": 0.0,
    "precision_by_item": 0.3263888888888889,
    "recall_by_item": 0.2611111111111111,
    "f1_by_item": 0.29012345679012347,
    "msg": "   startdate_exact_match  enddate_exact_match  duration(days)_llm_judge  president_llm_judge  speakerofthehouse_llm_judge  senatemajorityleader_llm_judge  furloughedemployees_number_near  estimatedloss(usdmillion)_number_near  maindisputedprovisions_llm_judge\n0                    1.0                  1.0                         1                    1                            0                               0                              1.0                                    1.0                                 1\n1                    1.0                  1.0                         1                    0                            1                               0                              1.0                                    1.0                                 0\n2                    1.0                  0.0                         0                    0                            1                               0                              0.0                                    0.0                                 1\n3                    1.0                  0.0                         0                    0                            1                               0                              1.0                                    1.0                                 1\n4                    1.0                  0.0                         0                    0                            1                               0                              1.0                                    1.0                                 1\n5                    1.0                  1.0                         1                    1                            1                               1                              1.0                                    0.0                                 1\n6                    1.0                  0.0                         1                    1                            1                               1                              0.0                                    0.0                                 1\n7                    1.0                  1.0                         1                    1                            1                               1                              0.0                                    0.0                                 1"
}