{
    "instance_id": "ws_zh_038",
    "score": 0.0,
    "precision_by_row": 0.0,
    "recall_by_row": 0.0,
    "f1_by_row": 0.0,
    "precision_by_item": 0.07407407407407407,
    "recall_by_item": 0.00784313725490196,
    "f1_by_item": 0.014184397163120565,
    "msg": "   景区名称_exact_match  省份_llm_judge  认定年份_number_near\n0               1.0             1               0.0"
}