{
    "instance_id": "ws_en_013",
    "score": 0.0,
    "precision_by_row": 0.7777777777777778,
    "recall_by_row": 0.06422018348623854,
    "f1_by_row": 0.11864406779661019,
    "precision_by_item": 0.8518518518518519,
    "recall_by_item": 0.07033639143730887,
    "f1_by_item": 0.12994350282485875,
    "msg": "   album_exact_match  releaseyear_exact_match  song_exact_match\n0                1.0                      1.0               1.0\n1                0.0                      1.0               1.0\n2                1.0                      1.0               1.0\n3                1.0                      1.0               1.0\n4                1.0                      1.0               1.0\n5                1.0                      1.0               1.0\n6                1.0                      1.0               1.0\n7                1.0                      1.0               1.0"
}