{
    "instance_id": "ws_en_016",
    "score": 0.0,
    "precision_by_row": 0.0,
    "recall_by_row": 0.0,
    "f1_by_row": 0.0,
    "precision_by_item": 0.037037037037037035,
    "recall_by_item": 0.027777777777777776,
    "f1_by_item": 0.031746031746031744,
    "msg": "   date_llm_judge  location_exact_match  meet_llm_judge  event_llm_judge  time_exact_match  standing_exact_match  gold_llm_judge  silver_llm_judge  bronze_llm_judge\n0               0                   0.0               0                1               1.0                   1.0               0                 0                 0\n1               0                   1.0               1                0               1.0                   1.0               0                 0                 0\n2               0                   0.0               0                0               1.0                   1.0               0                 0                 0"
}