{
    "instance_id": "ws_zh_023",
    "score": 0.0,
    "precision_by_row": 0.5,
    "recall_by_row": 0.05555555555555555,
    "f1_by_row": 0.09999999999999999,
    "precision_by_item": 0.75,
    "recall_by_item": 0.08333333333333333,
    "f1_by_item": 0.15,
    "msg": "   获奖年份_exact_match  姓名_exact_match  出版作品名称_exact_match  首次出版年份_exact_match\n0               1.0             1.0                 1.0                 0.0\n1               1.0             1.0                 1.0                 0.0\n2               1.0             1.0                 1.0                 1.0\n3               1.0             1.0                 1.0                 1.0\n4               1.0             1.0                 1.0                 1.0"
}