{
    "instance_id": "ws_zh_020",
    "score": 0.0,
    "precision_by_row": 0.045454545454545456,
    "recall_by_row": 0.004484304932735426,
    "f1_by_row": 0.00816326530612245,
    "precision_by_item": 0.3484848484848485,
    "recall_by_item": 0.0343796711509716,
    "f1_by_item": 0.06258503401360543,
    "msg": "    年度_exact_match  感动中国年度人物_exact_match  颁奖辞_llm_judge\n0              1.0                   1.0              0\n1              1.0                   1.0              0\n2              1.0                   1.0              0\n3              1.0                   1.0              0\n4              1.0                   1.0              0\n5              1.0                   1.0              0\n6              1.0                   1.0              0\n7              1.0                   1.0              0\n8              1.0                   1.0              0\n9              1.0                   1.0              0\n10             1.0                   1.0              1"
}