{
    "instance_id": "ws_en_100",
    "score": 0.0,
    "precision_by_row": 0.38461538461538464,
    "recall_by_row": 0.23809523809523808,
    "f1_by_row": 0.2941176470588235,
    "precision_by_item": 0.8461538461538461,
    "recall_by_item": 0.5238095238095238,
    "f1_by_item": 0.6470588235294118,
    "msg": "    name_exact_match  position_exact_match  tenurestartdate_exact_match  tenureenddate_exact_match  nominatingpresident_llm_judge  president’sparty_llm_judge  ideologicalleaning_exact_match  previousposition_llm_judge\n0                1.0                   1.0                          0.0                        1.0                              1                           1                             0.0                           0\n1                1.0                   1.0                          0.0                        0.0                              1                           1                             0.0                           1\n2                1.0                   1.0                          1.0                        1.0                              1                           1                             1.0                           1\n3                1.0                   1.0                          0.0                        1.0                              1                           1                             1.0                           1\n4                1.0                   1.0                          1.0                        1.0                              1                           1                             0.0                           1\n5                1.0                   1.0                          1.0                        1.0                              1                           1                             1.0                           1\n6                1.0                   1.0                          1.0                        1.0                              1                           1                             1.0                           1\n7                1.0                   1.0                          0.0                        0.0                              1                           1                             1.0                           0\n8                1.0                   1.0                          0.0                        1.0                              1                           1                             1.0                           1\n9                1.0                   1.0                          0.0                        1.0                              1                           1                             0.0                           1\n10               1.0                   1.0                          0.0                        1.0                              1                           1                             0.0                           1\n11               1.0                   1.0                          1.0                        1.0                              1                           1                             1.0                           1\n12               1.0                   1.0                          1.0                        1.0                              1                           1                             1.0                           1"
}