{
    "instance_id": "ws_en_031",
    "score": 0.0,
    "precision_by_row": 0.25,
    "recall_by_row": 0.018867924528301886,
    "f1_by_row": 0.03508771929824561,
    "precision_by_item": 0.65,
    "recall_by_item": 0.04905660377358491,
    "f1_by_item": 0.09122807017543862,
    "msg": "   actress_llm_judge  yearofrelease_exact_match  titleoffilm_exact_match  charactername_llm_judge  awards_llm_judge\n0                  1                        1.0                      1.0                        1                 0\n1                  1                        1.0                      1.0                        1                 0\n2                  1                        1.0                      1.0                        1                 1"
}