{
    "instance_id": "ws_en_094",
    "score": 0.0,
    "precision_by_row": 0.0,
    "recall_by_row": 0.0,
    "f1_by_row": 0.0,
    "precision_by_item": 0.13015873015873017,
    "recall_by_item": 0.13015873015873017,
    "f1_by_item": 0.13015873015873017,
    "msg": "    releaseyear_exact_match  title_exact_match  genre_llm_judge  director_llm_judge  leadactor/actress_llm_judge  totalboxoffice(billionsofkrw)_number_near  totaladmissions_number_near\n0                       1.0                1.0                1                   0                            0                                        0.0                          1.0\n1                       0.0                1.0                1                   0                            0                                        0.0                          0.0\n2                       0.0                1.0                1                   0                            0                                        0.0                          0.0\n3                       0.0                1.0                1                   0                            0                                        0.0                          0.0\n4                       0.0                1.0                1                   0                            0                                        0.0                          0.0\n5                       0.0                1.0                1                   0                            0                                        0.0                          0.0\n6                       0.0                1.0                1                   0                            0                                        0.0                          0.0\n7                       0.0                1.0                1                   0                            0                                        0.0                          0.0\n8                       0.0                1.0                1                   0                            0                                        0.0                          0.0\n9                       0.0                1.0                1                   0                            0                                        0.0                          0.0\n10                      0.0                1.0                1                   0                            0                                        0.0                          0.0\n11                      0.0                1.0                1                   0                            0                                        0.0                          0.0\n12                      0.0                1.0                0                   0                            0                                        0.0                          1.0\n13                      1.0                1.0                1                   0                            0                                        0.0                          0.0\n14                      0.0                1.0                1                   0                            0                                        0.0                          0.0\n15                      1.0                1.0                1                   0                            0                                        0.0                          0.0\n16                      1.0                1.0                0                   1                            0                                        0.0                          0.0\n17                      0.0                1.0                0                   1                            0                                        0.0                          0.0"
}