{
    "instance_id": "ws_zh_050",
    "score": 0.0,
    "precision_by_row": 0.4888888888888889,
    "recall_by_row": 0.22,
    "f1_by_row": 0.30344827586206896,
    "precision_by_item": 0.7444444444444445,
    "recall_by_item": 0.335,
    "f1_by_item": 0.4620689655172414,
    "msg": "    年份_exact_match  排名_exact_match  歌曲名称_llm_judge  歌手_llm_judge\n0              1.0             1.0               1             1\n1              1.0             1.0               1             1\n2              1.0             1.0               1             1\n3              1.0             1.0               1             1\n4              1.0             1.0               1             1\n5              1.0             1.0               0             0\n6              1.0             1.0               0             0\n7              1.0             1.0               0             0\n8              1.0             1.0               0             0\n9              1.0             1.0               0             0\n10             1.0             1.0               1             1\n11             1.0             1.0               1             1\n12             1.0             1.0               1             1\n13             1.0             1.0               1             1\n14             1.0             1.0               0             0\n15             1.0             1.0               1             1\n16             1.0             1.0               1             1\n17             1.0             1.0               1             1\n18             1.0             1.0               1             1\n19             1.0             1.0               0             0\n20             1.0             1.0               1             1\n21             1.0             1.0               1             1\n22             1.0             1.0               1             1\n23             1.0             1.0               1             1\n24             1.0             1.0               0             0\n25             1.0             1.0               1             1\n26             1.0             1.0               0             0\n27             1.0             1.0               0             0\n28             1.0             1.0               0             0\n29             1.0             1.0               0             0\n30             1.0             1.0               0             0\n31             1.0             1.0               1             1\n32             1.0             1.0               1             1\n33             1.0             1.0               1             1\n34             1.0             1.0               1             1\n35             1.0             1.0               0             0\n36             1.0             1.0               0             0\n37             1.0             1.0               0             0\n38             1.0             1.0               0             0\n39             1.0             1.0               0             0\n40             1.0             1.0               0             0\n41             1.0             1.0               0             0\n42             1.0             1.0               0             0\n43             1.0             1.0               0             0\n44             1.0             1.0               0             0"
}