{
    "instance_id": "ws_en_081",
    "score": 0.0,
    "precision_by_row": 0.6666666666666666,
    "recall_by_row": 0.16666666666666666,
    "f1_by_row": 0.26666666666666666,
    "precision_by_item": 0.7777777777777778,
    "recall_by_item": 0.19444444444444445,
    "f1_by_item": 0.3111111111111111,
    "msg": "   2024steambest-sellinggames_exact_match  publisher_llm_judge  award-winninggames_llm_judge\n0                                     1.0                    1                             1\n1                                     1.0                    0                             0\n2                                     1.0                    1                             1"
}