{
    "instance_id": "ws_en_037",
    "score": 0.0,
    "precision_by_row": 0.6666666666666666,
    "recall_by_row": 0.3076923076923077,
    "f1_by_row": 0.42105263157894735,
    "precision_by_item": 0.8888888888888888,
    "recall_by_item": 0.41025641025641024,
    "f1_by_item": 0.5614035087719298,
    "msg": "   season_llm_judge  couplemarriedattheshow_exact_match  status_exact_match\n0                 1                                 1.0                 1.0\n1                 1                                 1.0                 1.0\n2                 1                                 1.0                 1.0\n3                 1                                 1.0                 0.0\n4                 1                                 1.0                 1.0\n5                 1                                 1.0                 0.0"
}