{
    "instance_id": "ws_en_041",
    "score": 0.0,
    "precision_by_row": 0.0,
    "recall_by_row": 0.0,
    "f1_by_row": 0.0,
    "precision_by_item": 0.43333333333333335,
    "recall_by_item": 0.02968036529680365,
    "f1_by_item": 0.05555555555555556,
    "msg": "   award_exact_match  awardyear_exact_match  genre_exact_match  booktitle_exact_match  author_llm_judge  nationality_exact_match\n0                1.0                    1.0                1.0                    1.0                 0                      0.0\n1                1.0                    1.0                0.0                    1.0                 1                      0.0\n2                1.0                    1.0                1.0                    1.0                 1                      0.0"
}