{
    "instance_id": "ws_zh_042",
    "score": 0.0,
    "precision_by_row": 1.0,
    "recall_by_row": 0.047619047619047616,
    "f1_by_row": 0.0909090909090909,
    "precision_by_item": 1.0,
    "recall_by_item": 0.047619047619047616,
    "f1_by_item": 0.0909090909090909,
    "msg": "   作品名称_exact_match  导演_llm_judge  类型_llm_judge  制片国家/地区_llm_judge  片长_number_near\n0               1.0             1             1                  1             1.0"
}