{
    "instance_id": "ws_en_045",
    "score": 0.0,
    "precision_by_row": 0.0,
    "recall_by_row": 0.0,
    "f1_by_row": 0.0,
    "precision_by_item": 0.2916666666666667,
    "recall_by_item": 0.23333333333333334,
    "f1_by_item": 0.2592592592592593,
    "msg": "    ranking_llm_judge  library_llm_judge  institution_llm_judge  libraryid_exact_match  totalvolumes_number_near  fundingsource_exact_match\n0                   0                  0                      0                    1.0                       0.0                        1.0\n1                   0                  0                      0                    1.0                       0.0                        0.0\n2                   0                  0                      0                    1.0                       0.0                        1.0\n3                   1                  0                      0                    1.0                       0.0                        0.0\n4                   1                  1                      1                    1.0                       0.0                        0.0\n5                   0                  0                      0                    1.0                       0.0                        1.0\n6                   1                  0                      0                    1.0                       0.0                        1.0\n7                   0                  0                      0                    1.0                       0.0                        1.0\n8                   0                  0                      0                    1.0                       0.0                        0.0\n9                   0                  0                      0                    1.0                       0.0                        0.0\n10                  0                  0                      0                    1.0                       0.0                        1.0\n11                  0                  0                      0                    1.0                       0.0                        1.0\n12                  0                  0                      0                    1.0                       0.0                        0.0\n13                  0                  0                      0                    1.0                       0.0                        0.0\n14                  0                  0                      0                    1.0                       0.0                        1.0\n15                  0                  0                      0                    1.0                       0.0                        0.0\n16                  0                  1                      1                    1.0                       0.0                        1.0\n17                  0                  0                      0                    1.0                       0.0                        0.0\n18                  0                  0                      0                    1.0                       0.0                        1.0\n19                  0                  0                      0                    1.0                       0.0                        0.0\n20                  0                  0                      0                    1.0                       0.0                        1.0\n21                  0                  0                      0                    1.0                       0.0                        0.0\n22                  0                  0                      0                    1.0                       0.0                        0.0\n23                  0                  0                      0                    1.0                       0.0                        1.0\n24                  0                  0                      0                    1.0                       0.0                        0.0\n25                  0                  0                      0                    1.0                       0.0                        0.0\n26                  0                  0                      0                    1.0                       0.0                        1.0\n27                  0                  0                      0                    1.0                       0.0                        1.0\n28                  0                  0                      0                    1.0                       0.0                        1.0\n29                  0                  0                      0                    1.0                       0.0                        1.0\n30                  0                  0                      0                    1.0                       0.0                        1.0\n31                  0                  0                      0                    1.0                       0.0                        1.0\n32                  0                  0                      0                    1.0                       0.0                        0.0\n33                  0                  0                      0                    1.0                       0.0                        1.0\n34                  0                  0                      0                    1.0                       0.0                        1.0\n35                  0                  0                      0                    1.0                       0.0                        1.0\n36                  0                  0                      0                    1.0                       0.0                        0.0\n37                  0                  0                      0                    1.0                       0.0                        1.0\n38                  0                  0                      0                    1.0                       0.0                        0.0\n39                  0                  0                      0                    1.0                       0.0                        1.0"
}