{
    "instance_id": "ws_en_076",
    "score": 0.0,
    "precision_by_row": 0.0,
    "recall_by_row": 0.0,
    "f1_by_row": 0.0,
    "precision_by_item": 0.6428571428571429,
    "recall_by_item": 0.6428571428571429,
    "f1_by_item": 0.6428571428571429,
    "msg": "    year_exact_match  country_exact_match  globalranking_exact_match  militaryexpenditure(billion)_number_near  gdp(trillion)_number_near  president/primeminister_llm_judge  ministerofdefense_llm_judge\n0                1.0                  1.0                        1.0                                       1.0                        0.0                                  1                            1\n1                1.0                  1.0                        1.0                                       0.0                        0.0                                  1                            0\n2                1.0                  1.0                        0.0                                       0.0                        0.0                                  1                            0\n3                1.0                  1.0                        0.0                                       0.0                        0.0                                  1                            1\n4                1.0                  1.0                        1.0                                       0.0                        0.0                                  0                            0\n5                1.0                  1.0                        1.0                                       1.0                        0.0                                  1                            1\n6                1.0                  1.0                        1.0                                       0.0                        0.0                                  1                            1\n7                1.0                  1.0                        0.0                                       0.0                        0.0                                  1                            0\n8                1.0                  1.0                        0.0                                       0.0                        0.0                                  1                            1\n9                1.0                  1.0                        1.0                                       1.0                        0.0                                  0                            0\n10               1.0                  1.0                        1.0                                       0.0                        0.0                                  1                            1\n11               1.0                  1.0                        1.0                                       0.0                        0.0                                  1                            1\n12               1.0                  1.0                        0.0                                       0.0                        0.0                                  1                            1\n13               1.0                  1.0                        0.0                                       0.0                        0.0                                  1                            1\n14               1.0                  1.0                        1.0                                       0.0                        0.0                                  0                            1\n15               1.0                  1.0                        1.0                                       0.0                        0.0                                  1                            1\n16               1.0                  1.0                        0.0                                       0.0                        0.0                                  1                            1\n17               1.0                  1.0                        0.0                                       0.0                        0.0                                  1                            1\n18               1.0                  1.0                        0.0                                       0.0                        0.0                                  1                            1\n19               1.0                  1.0                        0.0                                       0.0                        1.0                                  0                            1\n20               1.0                  1.0                        1.0                                       0.0                        1.0                                  1                            1\n21               1.0                  1.0                        0.0                                       0.0                        0.0                                  1                            1\n22               1.0                  1.0                        0.0                                       0.0                        1.0                                  1                            1\n23               1.0                  1.0                        0.0                                       0.0                        0.0                                  1                            1\n24               1.0                  1.0                        0.0                                       1.0                        1.0                                  1                            1\n25               1.0                  1.0                        1.0                                       0.0                        1.0                                  1                            1\n26               1.0                  1.0                        0.0                                       0.0                        1.0                                  1                            1\n27               1.0                  1.0                        0.0                                       0.0                        0.0                                  1                            0\n28               1.0                  1.0                        0.0                                       1.0                        1.0                                  1                            1\n29               1.0                  1.0                        0.0                                       1.0                        1.0                                  1                            0"
}