{
    "instance_id": "ws_en_012",
    "score": 0.0,
    "precision_by_row": 0.0,
    "recall_by_row": 0.0,
    "f1_by_row": 0.0,
    "precision_by_item": 0.4675925925925926,
    "recall_by_item": 0.7013888888888888,
    "f1_by_item": 0.5611111111111111,
    "msg": "    yearofaward_exact_match  fullname_llm_judge  gender_exact_match  dateofbirth_date_near  countryofbirth_llm_judge  university_llm_judge  devotedcountry_llm_judge  background/occupation_llm_judge  majorcontributions_llm_judge\n0                       1.0                   1                 1.0                    0.0                         1                     0                         1                                1                             1\n1                       1.0                   1                 1.0                    0.0                         1                     0                         1                                0                             1\n2                       1.0                   1                 1.0                    0.0                         1                     0                         1                                1                             1\n3                       1.0                   1                 1.0                    0.0                         0                     0                         1                                1                             1\n4                       1.0                   1                 1.0                    0.0                         1                     0                         1                                1                             1\n5                       1.0                   1                 1.0                    0.0                         1                     0                         1                                1                             1\n6                       1.0                   1                 1.0                    0.0                         1                     1                         1                                1                             1\n7                       1.0                   1                 1.0                    0.0                         1                     1                         1                                1                             1\n8                       1.0                   1                 1.0                    0.0                         1                     0                         1                                1                             1\n9                       1.0                   1                 1.0                    0.0                         1                     0                         1                                1                             1\n10                      1.0                   1                 1.0                    0.0                         0                     0                         0                                1                             1\n11                      1.0                   1                 1.0                    0.0                         1                     0                         1                                0                             1\n12                      1.0                   1                 1.0                    0.0                         1                     1                         1                                0                             1\n13                      1.0                   1                 1.0                    0.0                         1                     0                         1                                0                             1\n14                      1.0                   1                 1.0                    0.0                         1                     0                         1                                1                             1"
}